,molecule_id,1,5,10,Found,max,best_score,mol_size,max_initial_population,molecular_complexity
0,0,True,True,True,True,1.0,0.9341856837272644,22,0.8314393939393939,491.62066865134767
1,1,True,True,True,True,1.0,0.870604932308197,16,0.919431279620853,580.9107655461082
2,2,True,True,True,True,1.0,0.8201072812080383,18,0.9969788519637462,514.4249890908638
3,3,True,True,True,True,1.0,0.9002046585083008,18,0.7289156626506024,425.4668303994675
4,4,True,True,True,True,1.0,0.9092275500297546,24,0.9688850475367329,829.2300280733625
5,5,True,True,True,True,1.0,0.9094822406768799,29,0.9788461538461538,1110.6697674976117
6,6,True,True,True,True,1.0,0.9236085414886475,13,0.7170731707317073,308.7477157867921
7,7,False,False,True,True,0.7966607036374478,0.8304759860038757,23,0.9872739450770261,889.8687669010689
8,8,True,True,True,True,1.0,0.9020073413848877,35,0.9105691056910569,1121.01293623976
9,9,False,True,True,True,0.7418278852568378,0.9268882870674133,30,0.8674609084139985,912.4822090970407
10,10,True,True,True,True,1.0,0.8916189670562744,13,0.9443254817987152,262.00327665119903
11,11,True,True,True,True,1.0,0.8667073249816895,20,0.8857142857142857,449.62722164508494
12,12,False,True,True,True,0.896085409252669,0.894974946975708,31,0.890691114245416,1100.5135478635586
13,13,True,True,True,True,1.0,0.9032914042472839,27,0.9401069518716577,622.8188198685896
14,14,True,True,True,True,1.0,0.9359109997749329,21,0.9187380497131931,594.2162401969236
15,15,True,True,True,True,1.0,0.9055249094963074,29,0.8496732026143791,913.2636625772705
16,16,False,True,True,True,0.8885613207547169,0.7688820958137512,23,0.8885613207547169,779.3693675394458
17,17,True,True,True,True,1.0,0.8507476449012756,25,0.9856361149110807,978.9597000554704
18,18,True,True,True,True,1.0,0.9197999835014343,22,0.7088186356073212,588.4308479210993
19,19,True,True,True,True,1.0,0.9235647320747375,19,0.9634760705289672,501.35730516388327
20,20,True,True,True,True,1.0,0.9461750984191895,23,0.9090909090909091,536.030418649458
21,21,True,True,True,True,1.0,0.9337528347969055,18,0.9206349206349206,467.5329934853649
22,22,True,True,True,True,1.0,0.8718451857566833,24,0.9495665878644602,792.4112140517699
23,23,True,True,True,True,1.0,0.9098743796348572,30,0.9846153846153847,1076.0732215431733
24,24,True,True,True,True,1.0,0.9063963890075684,12,0.8840970350404312,294.58005142145214
25,25,True,True,True,True,1.0,0.8602045178413391,17,0.8760563380281691,411.88053125794363
26,26,True,True,True,True,1.0,0.8948753476142883,14,0.8661417322834646,437.295448941794
27,27,True,True,True,True,1.0,0.8719852566719055,31,0.8024485253199778,1404.8599639960503
28,28,False,False,False,False,0.7550301810865191,0.8158319592475891,28,0.8227091633466136,1040.9698320049329
29,29,True,True,True,True,1.0,0.9095284342765808,14,0.828978622327791,414.14170243798173
30,30,True,True,True,True,1.0,0.93304842710495,20,0.9057324840764331,389.12536704115627
31,31,True,True,True,True,1.0,0.8745808601379395,23,0.551980198019802,798.8488617578801
32,32,True,True,True,True,1.0,0.8680000305175781,31,0.9497681607418856,916.1095020022691
33,33,False,False,False,True,0.8682902584493042,0.8665885925292969,35,0.9922394678492239,1645.4503569054934
34,34,True,True,True,True,1.0,0.8981709480285645,15,0.9102141680395387,482.1957975356598
35,35,True,True,True,True,1.0,0.9239187240600586,25,0.9686131386861314,866.5974994744281
36,36,True,True,True,True,1.0,0.9066829681396484,34,0.9310141509433962,1213.8185688010565
37,37,True,True,True,True,1.0,0.7548858523368835,15,0.36512900703674744,590.3978740145667
38,38,True,True,True,True,1.0,0.9215013980865479,33,0.9581911262798635,1379.5104421850724
39,39,True,True,True,True,1.0,0.9098081588745117,18,0.9205175600739371,448.9487052841436
40,40,True,True,True,True,1.0,0.9136590361595154,26,0.8875562218890555,860.9486568743597
41,41,True,True,True,True,1.0,0.9245960116386414,10,0.7488584474885844,235.04775799182192
42,42,True,True,True,True,1.0,0.836341381072998,21,0.7802400738688827,673.5668192622804
43,43,False,False,True,True,0.82,0.8908098340034485,12,0.8571428571428571,103.57174002125652
44,44,True,True,True,True,1.0,0.8147218823432922,30,0.7787114845938375,999.8931308159232
45,45,True,True,True,True,1.0,0.9118881225585938,33,0.994343180389692,1200.3304670956418
46,46,True,True,True,True,1.0,0.8980627059936523,28,0.9708276797829036,1000.7799674256346
47,47,True,True,True,True,1.0,0.8687158226966858,18,0.7059659090909091,538.6153754227819
48,48,False,True,True,True,0.8299845440494591,0.840294361114502,24,0.9921807124239791,643.0844693591861
49,49,True,True,True,True,1.0,0.8913955688476562,24,0.8464106844741235,693.2741160506625
50,50,True,True,True,True,1.0,0.8477694392204285,23,0.5348837209302325,763.5154522594863
51,51,True,True,True,True,1.0,0.8941697478294373,27,0.9375,960.8954735015668
52,52,True,True,True,True,1.0,0.9210515022277832,15,0.7367688022284122,387.43411358111575
53,53,True,True,True,True,1.0,0.8755321502685547,28,0.7354497354497355,1055.5448582893741
54,54,True,True,True,True,1.0,0.8790825009346008,28,0.9770569620253164,1052.4479855089294
55,55,True,True,True,True,1.0,0.8499038815498352,18,0.7405247813411079,582.6862109768484
56,56,True,True,True,True,1.0,0.8598337769508362,22,0.9635332252836305,766.8071431912324
57,57,False,True,True,True,0.8026960784313726,0.8483359217643738,12,0.8026960784313726,348.15625140819
58,58,True,True,True,True,1.0,0.9158304333686829,17,0.9324618736383442,406.73531581186137
59,59,True,True,True,True,1.0,0.8902544975280762,15,0.8580152671755725,337.3598482774644
60,60,False,False,False,False,0.6369137670196672,0.6164323687553406,24,0.6746987951807228,920.795305912841
61,61,True,True,True,True,1.0,0.9345299601554871,28,0.9863532979529946,1064.9354613851062
62,62,False,True,True,True,0.5081743869209809,0.8914079666137695,12,0.6175637393767706,296.3349389236156
63,63,True,True,True,True,1.0,0.897741973400116,18,0.9826086956521739,323.0007936149917
64,64,True,True,True,True,1.0,0.9413161277770996,32,0.992867332382311,1267.3077878419028
65,65,False,False,False,False,0.6480134303301622,0.7761929631233215,30,0.6238293444328824,1460.772072172928
66,66,False,False,False,False,0.7364967188288744,0.6070111393928528,30,0.7109737248840804,1010.561349611933
67,67,True,True,True,True,1.0,0.921863853931427,27,0.9914748508098892,706.392548056631
68,68,False,False,False,False,0.7597014925373134,0.9064161777496338,24,0.9680851063829787,634.6413106733855
69,69,False,False,False,False,0.8895921237693389,0.8841152787208557,32,0.9073806078147613,754.0050253466031
70,70,False,False,False,False,0.7705410821643287,0.7685653567314148,35,0.8527968596663396,1477.5005458375101
71,71,False,True,True,True,0.8952912019826518,0.8270714282989502,29,0.8723797780517879,951.6725340573402
72,72,True,True,True,True,1.0,0.8317718505859375,13,0.9098360655737705,289.2526032889556
73,73,True,True,True,True,1.0,0.7968083024024963,20,0.9702338766832034,772.2892698753013
74,74,True,True,True,True,1.0,0.9123886227607727,16,0.9429280397022333,317.9642958168396
75,75,True,True,True,True,1.0,0.9114511013031006,29,0.8492167101827677,1010.8459782270629
76,76,False,False,True,True,0.4656925031766201,0.8618311882019043,25,0.573027989821883,801.5714335515272
77,77,True,True,True,True,1.0,0.9351800084114075,25,0.9147286821705426,614.9727970791702
78,78,True,True,True,True,1.0,0.9275733828544617,29,0.9713038053649408,1017.1020507410777
79,79,True,True,True,True,1.0,0.9473955035209656,13,0.856,235.18499100900118
80,80,True,True,True,True,1.0,0.817815363407135,14,0.8916666666666667,356.14378849709453
81,81,True,True,True,True,1.0,0.9506323933601379,32,0.9871152469577666,1097.1034927589264
82,82,True,True,True,True,1.0,0.8262335658073425,34,0.8269344359125812,1266.3036368981116
83,83,True,True,True,True,1.0,0.8744053840637207,18,0.980319803198032,536.4243144663171
84,84,True,True,True,True,1.0,0.9200296998023987,10,0.7475083056478405,237.04775799182192
85,85,True,True,True,True,1.0,0.9142245650291443,27,0.9831649831649831,1119.2960317818715
86,86,False,True,True,True,0.9634888438133874,0.9328722953796387,21,0.9634888438133874,812.615078883664
87,87,True,True,True,True,1.0,0.891096293926239,21,0.9319371727748691,595.2403676077384
88,88,True,True,True,True,1.0,0.9048946499824524,33,0.9867358708189158,1284.7149188765563
89,89,True,True,True,True,1.0,0.9258796572685242,16,0.960352422907489,476.6219889797812
90,90,True,True,True,True,1.0,0.8854045271873474,15,0.892226148409894,465.97440034910335
91,91,True,True,True,True,1.0,0.9516477584838867,25,0.9834437086092715,754.38884913532
92,92,True,True,True,True,1.0,0.8332379460334778,20,0.614824619457313,675.2186338750307
93,93,True,True,True,True,1.0,0.9371193051338196,14,0.9159159159159159,372.55032279668484
94,94,False,True,True,True,0.9446680080482898,0.8910157680511475,35,0.8915547024952015,998.8220686535025
95,95,True,True,True,True,1.0,0.865227997303009,26,0.905899925317401,1090.0824847966214
96,96,False,False,False,True,0.8207663782447466,0.8852182030677795,24,0.8905405405405405,485.23235866409675
97,97,True,True,True,True,1.0,0.9200751781463623,14,0.9208211143695014,213.41265043639197
98,98,False,False,True,True,0.8378698224852071,0.912987232208252,25,0.8896631823461092,720.7113917571904
99,99,False,False,False,False,0.44530154277699857,0.7277321219444275,15,0.8219844357976653,420.1285697756128
100,100,True,True,True,True,1.0,0.8952575325965881,33,0.9963920625375827,1299.4442094736542
101,101,True,True,True,True,1.0,0.8923537135124207,30,0.9690920798454604,1049.8304997852808
102,102,True,True,True,True,1.0,0.8721485137939453,25,0.8169934640522876,653.4100414775911
103,103,False,True,True,True,0.9611231101511879,0.9154756665229797,26,0.9611231101511879,956.0333456096331
104,104,False,False,False,False,0.49031216361679225,0.6551876664161682,32,0.7299898682877406,1120.1605833543313
105,105,True,True,True,True,1.0,0.8324839472770691,24,0.7256637168141593,734.1009242880399
106,106,True,True,True,True,1.0,0.9160885810852051,29,0.9293924466338259,1047.2366011772997
107,107,False,False,False,False,0.6909650924024641,0.7768466472625732,31,0.7849235635213495,1130.5954219485977
108,108,True,True,True,True,1.0,0.9248211979866028,17,0.9402173913043478,469.81020577969474
109,109,True,True,True,True,1.0,0.8992447853088379,22,0.9573863636363636,762.7167274976041
110,110,True,True,True,True,1.0,0.8630852699279785,19,0.6702898550724637,763.538424029911
111,111,False,False,False,False,0.6239316239316239,0.8475110530853271,34,0.6741500962155228,1364.6817115095266
112,112,False,False,True,True,0.9073746312684365,0.8890848159790039,34,0.8915956151035322,1509.3690275255683
113,113,True,True,True,True,1.0,0.8800275921821594,25,0.9833948339483395,890.8416712599033
114,114,True,True,True,True,1.0,0.8990536332130432,22,0.9269565217391305,748.0611192961054
115,115,True,True,True,True,1.0,0.9061398506164551,15,0.7398373983739838,400.40890374142333
116,116,True,True,True,True,1.0,0.8945669531822205,17,0.973432518597237,628.5568559110059
117,117,True,True,True,True,1.0,0.8216466903686523,18,0.5381083562901745,566.1264362570621
118,118,True,True,True,True,1.0,0.9308626055717468,31,0.9909859154929578,1281.2049127980351
119,119,True,True,True,True,1.0,0.9038529992103577,35,0.5845682166581502,1415.8541966219427
120,120,True,True,True,True,1.0,0.9295583367347717,14,0.9593373493975904,459.01040037182304
121,121,False,True,True,True,0.38235294117647056,0.684786856174469,5,0.6470588235294118,41.60964047443681
122,122,True,True,True,True,1.0,0.8751950860023499,33,0.9732647814910026,1319.9550020521344
123,123,True,True,True,True,1.0,0.8496440052986145,18,0.8850653819683414,718.9296030606654
124,124,False,True,True,True,0.754863813229572,0.9135823249816895,31,0.9741444866920153,978.1870537476159
125,125,True,True,True,True,1.0,0.9213703274726868,20,0.9592198581560284,525.7047058585591
126,126,True,True,True,True,1.0,0.9136262536048889,20,0.6848484848484848,440.9899207282918
127,127,True,True,True,True,1.0,0.898306667804718,20,0.9683333333333334,649.9369069327145
128,128,True,True,True,True,1.0,0.8479970097541809,24,0.7679038159958181,792.1431597285643
129,129,False,False,False,False,0.7967439565860878,0.6068989038467407,35,0.8330878743249878,1491.0410935037005
130,130,True,True,True,True,1.0,0.8561270833015442,16,0.8342857142857143,465.6137396214057
131,131,True,True,True,True,1.0,0.8703303337097168,19,0.9352818371607515,368.57484401695
132,132,True,True,True,True,1.0,0.8912830948829651,14,0.8853046594982079,252.02779400832603
133,133,True,True,True,True,1.0,0.8788817524909973,22,0.3688799463447351,779.745989107622
134,134,True,True,True,True,1.0,0.8903570175170898,11,0.9381443298969072,81.63191840205
135,135,True,True,True,True,1.0,0.8664218783378601,27,0.7703995498030388,1055.9248868744126
136,136,True,True,True,True,1.0,0.8939020037651062,23,0.8311546840958606,805.7027850188924
137,137,True,True,True,True,1.0,0.9303801655769348,29,0.9954571266325951,1114.3773460738125
138,138,True,True,True,True,1.0,0.9043272137641907,26,0.9474358974358974,935.5723608144037
139,139,False,True,True,True,0.8653964351567301,0.8553428053855896,34,0.9883344134802333,1105.6137263054975
140,140,True,True,True,True,1.0,0.9174373745918274,11,0.8802521008403361,274.8980131294879
141,141,False,True,True,True,0.9817483189241114,0.8888848423957825,35,0.9161793372319688,1131.4540426367457
142,142,True,True,True,True,1.0,0.9497756361961365,11,0.8388888888888889,230.57786591623355
143,143,False,False,False,False,0.5195530726256983,0.8781024813652039,17,0.7401055408970977,721.3565486547941
144,144,False,True,True,True,0.9683357879234168,0.8963112831115723,33,0.9822090437361009,991.8423295710786
145,145,True,True,True,True,1.0,0.9477668404579163,11,0.806378132118451,257.4945752240396
146,146,False,False,False,False,0.9722530521642619,0.8777818083763123,32,0.980544747081712,1068.1344716198591
147,147,True,True,True,True,1.0,0.9248619079589844,29,0.9264565425023877,1033.5962416517364
148,148,True,True,True,True,1.0,0.869489848613739,9,0.5702702702702702,267.90565931309794
149,149,True,True,True,True,1.0,0.912830114364624,17,0.8857837181044957,385.4530587502513
150,150,True,True,True,True,1.0,0.8839914202690125,11,0.7368421052631579,147.82350886146327
151,151,True,True,True,True,1.0,0.8806917071342468,27,0.9535962877030162,1007.6295128006362
152,152,False,True,True,True,0.8353174603174603,0.9115622639656067,28,0.9935897435897436,1016.0844730293062
153,153,True,True,True,True,1.0,0.884661853313446,14,0.8068592057761733,434.3296467381504
154,154,True,True,True,True,1.0,0.9245970845222473,21,0.9768339768339769,455.9805997740772
155,155,True,True,True,True,1.0,0.9454850554466248,13,0.728051391862955,186.05372307956134
156,156,True,True,True,True,1.0,0.8118846416473389,21,0.8092783505154639,718.0600722936209
157,157,True,True,True,True,1.0,0.8643906712532043,23,0.6601356443104748,965.8285966171612
158,158,True,True,True,True,1.0,0.8300486207008362,12,0.47962382445141066,369.65266631474674
159,159,True,True,True,True,1.0,0.9267361164093018,28,0.8386763185108583,749.1222406940616
160,160,True,True,True,True,1.0,0.8861995339393616,23,0.8845070422535212,1037.4610151663971
161,161,True,True,True,True,1.0,0.8718605637550354,29,0.8253652058432935,1147.505624883263
162,162,True,True,True,True,1.0,0.9193630218505859,20,0.9453015427769986,464.7901362679072
163,163,False,True,True,True,0.5052447552447552,0.9032487869262695,12,0.5458089668615984,253.03125589421745
164,164,False,True,True,True,0.6438162544169611,0.8471770286560059,25,0.9863945578231292,817.5800647275189
165,165,True,True,True,True,1.0,0.9191659092903137,17,0.9351669941060904,370.7301135831744
166,166,True,True,True,True,1.0,0.8820815086364746,12,0.9063745019920318,326.85561870596365
167,167,True,True,True,True,1.0,0.8889002203941345,27,0.9825145711906744,1094.660296993756
168,168,True,True,True,True,1.0,0.9046571850776672,24,0.8120713305898491,658.0719347946833
169,169,True,True,True,True,1.0,0.9090045094490051,10,0.7622549019607843,209.7781739221536
170,170,True,True,True,True,1.0,0.9263812899589539,14,0.9527272727272728,228.9664533845619
171,171,False,False,True,True,0.8162715517241379,0.8365249037742615,32,0.9624242424242424,1360.4675492236963
172,172,True,True,True,True,1.0,0.8963767886161804,33,0.877757901013715,1326.8722764858067
173,173,True,True,True,True,1.0,0.8322268128395081,19,0.9197930142302717,699.7186702227497
174,174,True,True,True,True,1.0,0.8583250045776367,16,0.3530405405405405,405.79860546135353
175,175,False,True,True,True,0.9401586157173756,0.8802523612976074,24,0.9912536443148688,1021.9203158886959
176,176,True,True,True,True,1.0,0.8525727391242981,31,0.9830866807610994,1279.7429068922304
177,177,True,True,True,True,1.0,0.8597145080566406,10,0.5668316831683168,209.7781739221536
178,178,True,True,True,True,1.0,0.9156503677368164,33,0.8698564593301435,1056.454658655963
179,179,True,True,True,True,1.0,0.9068378806114197,35,0.9913735899137359,1127.1185756668438
180,180,True,True,True,True,1.0,0.9058923721313477,22,0.8014059753954306,578.4900902354271
181,181,True,True,True,True,1.0,0.9175691604614258,21,0.9895988112927192,500.04525782102615
182,182,True,True,True,True,1.0,0.923931360244751,27,0.9721780604133545,898.1001098877524
183,183,True,True,True,True,1.0,0.9257760643959045,12,0.8149779735682819,290.4897943206525
184,184,True,True,True,True,1.0,0.8577896952629089,14,0.8429073856975381,508.628380635003
185,185,True,True,True,True,1.0,0.862118661403656,15,0.8507625272331155,627.3354850466019
186,186,True,True,True,True,1.0,0.8947364687919617,22,0.916243654822335,682.1837895274508
187,187,True,True,True,True,1.0,0.8896563649177551,19,0.6474358974358975,396.90214563698015
188,188,True,True,True,True,1.0,0.9365944862365723,18,0.9245283018867925,503.02174017887376
189,189,False,True,True,True,0.8253043938591847,0.8449807167053223,33,0.9994082840236687,1264.0431279817765
190,190,True,True,True,True,1.0,0.8614732623100281,17,0.9743016759776536,451.5354737626094
191,191,True,True,True,True,1.0,0.9037914872169495,30,0.7992505353319058,1253.2447827646645
192,192,True,True,True,True,1.0,0.9260393977165222,30,0.9187534780189204,1182.150536105066
193,193,True,True,True,True,1.0,0.878316342830658,35,0.9528936742934051,1120.428954819677
194,194,True,True,True,True,1.0,0.8580287098884583,26,0.932073544433095,1231.236847277015
195,195,False,False,False,False,0.5165723524656427,0.836341381072998,24,0.7542297417631345,619.5214865919598
196,196,True,True,True,True,1.0,0.8917656540870667,18,0.9733796296296297,561.967701298815
197,197,True,True,True,True,1.0,0.9219891428947449,15,0.7350427350427351,447.6511707804897
198,198,False,True,True,True,0.9219047619047619,0.9196057319641113,32,0.8335315101070154,1154.2228156191206
199,199,True,True,True,True,1.0,0.8891423344612122,18,0.7205882352941176,417.45231298264946
200,200,True,True,True,True,1.0,0.871819019317627,17,0.8995433789954338,523.2068217496917
201,201,False,True,True,True,0.8823038397328882,0.9054169654846191,25,0.7506538796861377,859.3493285725925
202,202,True,True,True,True,1.0,0.9539335370063782,14,0.9939024390243902,272.77916867903343
203,203,True,True,True,True,1.0,0.8993862271308899,13,0.7866108786610879,194.6260435051196
204,204,False,True,True,True,0.6209476309226932,0.9124987721443176,22,0.6236559139784946,334.3847211971289
205,205,True,True,True,True,1.0,0.8772838711738586,27,0.9621212121212122,1279.2906166642156
206,206,True,True,True,True,1.0,0.901909351348877,17,0.7488789237668162,657.5694230531814
207,207,False,True,True,True,0.8295870360690015,0.9277029037475586,25,0.9792122538293216,995.8305022911829
208,208,True,True,True,True,1.0,0.8777040839195251,26,0.9419252187748608,701.2046929016038
209,209,True,True,True,True,1.0,0.8948243260383606,13,0.8516129032258064,249.30930073029742
210,210,True,True,True,True,1.0,0.8925606608390808,25,0.8547579298831386,1008.5733517117071
211,211,False,True,True,True,0.7901701323251418,0.9054080843925476,15,0.880859375,312.70138558440243
212,212,True,True,True,True,1.0,0.9154589772224426,27,0.9483240223463687,776.4300426717289
213,213,False,False,False,False,0.6871069182389937,0.7379732728004456,34,0.6353383458646616,1204.1666067078027
214,214,True,True,True,True,1.0,0.8569677472114563,13,0.4488517745302714,328.18689753098045
215,215,False,False,False,False,0.6543335022807907,0.7607024312019348,31,0.8036597428288823,1308.3687455534555
216,216,True,True,True,True,1.0,0.8711149096488953,18,0.6590604026845638,387.320023097217
217,217,True,True,True,True,1.0,0.9342343211174011,22,0.38016528925619836,567.6413666089501
218,218,True,True,True,True,1.0,0.7733685374259949,35,0.9806646525679759,1314.9035255360009
219,219,True,True,True,True,1.0,0.7968538403511047,17,0.6220196353436185,500.3741255270038
220,220,True,True,True,True,1.0,0.8330556750297546,18,0.96,426.50182000908245
221,221,True,True,True,True,1.0,0.9127655625343323,14,0.5756929637526652,258.3796063606407
222,222,False,True,True,True,0.764102564102564,0.8887372612953186,27,0.9902080783353733,603.0777077670676
223,223,True,True,True,True,1.0,0.7982230186462402,23,0.9936457505957109,628.3990231475526
224,224,True,True,True,True,1.0,0.8032142519950867,21,0.5689176688251619,733.74637946666
225,225,True,True,True,True,1.0,0.8828484416007996,35,0.9878048780487805,1511.8092501327426
226,226,False,False,False,False,0.4877641824249166,0.7350957989692688,33,0.6330603889457523,1127.4107682095066
227,227,True,True,True,True,1.0,0.8854119777679443,29,0.9872958257713249,1200.5896637524422
228,228,True,True,True,True,1.0,0.8452339768409729,24,0.6583747927031509,729.7293200157983
229,229,True,True,True,True,1.0,0.9071474671363831,32,0.6668377823408624,1139.2896853707307
230,230,True,True,True,True,1.0,0.9162426590919495,27,0.8869463869463869,910.9540211592592
231,231,True,True,True,True,1.0,0.849360466003418,34,0.9803126809496236,1293.6529323100508
232,232,True,True,True,True,1.0,0.9446752667427063,19,0.9935483870967742,356.7617244483167
233,233,True,True,True,True,1.0,0.890688955783844,27,0.884992987377279,856.4921900897778
234,234,False,True,True,True,0.6188034188034188,0.89992755651474,24,0.9981378026070763,548.2387397512872
235,235,True,True,True,True,1.0,0.9058310389518738,22,0.9388201019664967,650.6653796398543
236,236,True,True,True,True,1.0,0.922369658946991,22,0.9912917271407837,476.64021866000155
237,237,False,False,False,False,0.593881223755249,0.7685306072235107,21,0.576307363927428,834.0535845764279
238,238,True,True,True,True,1.0,0.9017510414123535,22,0.7007874015748031,665.0423031168627
239,239,True,True,True,True,1.0,0.8912491798400879,23,0.8942307692307693,726.8333019905402
240,240,False,False,False,False,0.4972451790633609,0.7864556312561035,29,0.5597439544807966,850.1923725978387
241,241,True,True,True,True,1.0,0.8931695818901062,21,0.5569520816967792,704.3258303694996
242,242,False,True,True,True,0.9502026635784597,0.8911647796630859,32,0.9232861806311208,1031.4777138222596
243,243,True,True,True,True,1.0,0.9315690994262695,15,0.947945205479452,290.99535838508575
244,244,False,False,False,False,0.7158001009591115,0.6898514628410339,29,0.8028656126482213,1241.7132352949106
245,245,True,True,True,True,1.0,0.8320708870887756,12,0.7423638778220452,408.6986224710208
246,246,False,False,False,False,0.6434189826953329,0.8281461596488953,23,0.7319535588086825,1006.4462017422994
247,247,True,True,True,True,1.0,0.9268052577972412,29,0.9661016949152542,774.2764082567767
248,248,True,True,True,True,1.0,0.8619623780250549,14,0.9393939393939394,323.8980789080516
249,249,True,True,True,True,1.0,0.9323905110359192,17,0.9482758620689655,453.8887814334611
250,250,True,True,True,True,1.0,0.9030466079711914,31,0.8382877526753865,850.6884043923255
251,251,False,False,False,False,0.21556256572029442,0.7439859509468079,22,0.24507042253521127,383.9238199322565
252,252,True,True,True,True,1.0,0.9128270149230957,18,0.9125109361329834,656.6269579378583
253,253,False,True,True,True,0.9923287671232877,0.9221746325492859,31,0.9923287671232877,1280.7871083278385
254,254,True,True,True,True,1.0,0.8931990265846252,20,0.6571072319201995,698.9953058065239
255,255,True,True,True,True,1.0,0.935603678226471,17,0.7751937984496124,525.3807012815957
256,256,True,True,True,True,1.0,0.9297487139701843,23,0.9848837209302326,920.2962289661256
257,257,True,True,True,True,1.0,0.9103935360908508,33,0.9814340588988476,1049.3192225448856
258,258,True,True,True,True,1.0,0.9066211581230164,18,0.9307692307692308,655.8720704356948
259,259,True,True,True,True,1.0,0.8570517897605896,14,0.8637532133676092,332.5529868353567
260,260,True,True,True,True,1.0,0.8842077851295471,28,0.9248554913294798,995.8572959919838
261,261,False,True,True,True,0.9507481296758105,0.8792764544487,31,0.5804382683057189,1182.0957555612965
262,262,True,True,True,True,1.0,0.8954222798347473,20,0.7823211064341551,709.3264955078729
263,263,True,True,True,True,1.0,0.8984808325767517,28,0.9994391475042064,850.3072259009255
264,264,False,True,True,True,0.8911095796002757,0.897305428981781,32,0.9275158339197748,1230.938065416393
265,265,True,True,True,True,1.0,0.9086378216743469,16,0.910761154855643,430.0866066240907
266,266,True,True,True,True,1.0,0.8327655792236328,24,0.9213559322033898,835.3412001403408
267,267,True,True,True,True,1.0,0.8587881922721863,30,0.9860724233983287,999.4290832501415
268,268,True,True,True,True,1.0,0.8990669250488281,25,0.9581589958158996,488.65788418920374
269,269,True,True,True,True,1.0,0.9160112738609314,32,0.9958823529411764,1012.9838554028246
270,270,True,True,True,True,1.0,0.9100780487060547,12,0.8838174273858921,239.7250739951881
271,271,True,True,True,True,1.0,0.891533613204956,20,0.8523985239852399,615.3871725464028
272,272,True,True,True,True,1.0,0.9061558842658997,25,0.9640071985602879,814.7161360986477
273,273,True,True,True,True,1.0,0.877949059009552,25,0.9864768683274021,882.2118534308195
274,274,False,False,False,False,0.7508633448445979,0.6679396629333496,28,0.6686868686868687,996.774107534609
275,275,True,True,True,True,1.0,0.8804302215576172,22,0.77890625,761.8842101047592
276,276,True,True,True,True,1.0,0.9279757142066956,29,0.5006775067750677,916.0170449876705
277,277,True,True,True,True,1.0,0.8837141990661621,15,0.9213483146067416,522.9768903137902
278,278,False,True,True,True,0.8733733733733734,0.8646861910820007,31,0.9914757591901971,1072.7634130780061
279,279,True,True,True,True,1.0,0.8880617618560791,30,0.7569573283858998,867.7072748752115
280,280,False,True,True,True,0.7374784110535406,0.862507164478302,30,0.9623557984213722,1394.3298288206877
281,281,True,True,True,True,1.0,0.835113525390625,18,0.515645371577575,750.9529913298634
282,282,True,True,True,True,1.0,0.8703980445861816,25,0.8830769230769231,838.4928643409173
283,283,False,False,False,False,0.7644927536231884,0.8609711527824402,31,0.768762677484787,1412.8519114702399
284,284,True,True,True,True,1.0,0.9060657024383545,34,0.972,1452.0093018459308
285,285,True,True,True,True,1.0,0.8812358975410461,21,0.6146616541353384,611.3872168952889
286,286,False,False,False,False,0.546191247974068,0.734329879283905,27,0.7042467138523761,973.0001453716791
287,287,False,True,True,True,0.9316239316239316,0.91468745470047,18,0.9941348973607038,333.13265415394
288,288,True,True,True,True,1.0,0.9508347511291504,30,0.9368863955119214,712.9589182428551
289,289,True,True,True,True,1.0,0.8778017163276672,16,0.7014218009478673,465.0004402969103
290,290,True,True,True,True,1.0,0.8981143832206726,23,0.9608888888888889,804.8718783884727
291,291,False,False,False,False,0.32472826086956524,0.7216501832008362,23,0.42882882882882883,625.8712510142407
292,292,True,True,True,True,1.0,0.8757719993591309,22,0.667107001321004,464.8070987256584
293,293,True,True,True,True,1.0,0.8676058650016785,25,0.9806763285024155,944.11499056533
294,294,True,True,True,True,1.0,0.9507490992546082,14,0.8954869358669834,411.6767229032693
295,295,True,True,True,True,1.0,0.9240818619728088,16,0.9190600522193212,406.2308382366979
296,296,True,True,True,True,1.0,0.8783168792724609,22,0.9851961509992598,832.9661904023092
297,297,True,True,True,True,1.0,0.9108875393867493,17,0.9691067830758898,604.272617549191
298,298,True,True,True,True,1.0,0.9013698101043701,22,0.9737434358589647,717.1892222551064
299,299,False,False,False,False,0.4924906132665832,0.7879233360290527,23,0.5877437325905293,889.2062033939401
300,300,False,False,False,False,0.7582857142857143,0.8918607831001282,29,0.8831405964698722,1084.6255990809993
301,301,True,True,True,True,1.0,0.7981720566749573,9,0.6868421052631579,137.99328661116542
302,302,True,True,True,True,1.0,0.8950974345207214,15,0.918960244648318,395.5744368852867
303,303,True,True,True,True,1.0,0.9296360611915588,33,0.9751861042183623,1207.80938787074
304,304,True,True,True,True,1.0,0.8618965148925781,13,0.38496583143507973,186.9828401313287
305,305,False,True,True,True,0.6944837340876945,0.8822175860404968,20,0.9405052974735126,780.4731692677506
306,306,False,False,False,False,0.7180952380952381,0.8445056080818176,20,0.7022900763358778,358.5704301640317
307,307,False,True,True,True,0.8142201834862385,0.8371804356575012,18,0.6636197440585009,520.5168526767102
308,308,True,True,True,True,1.0,0.906329870223999,20,0.9157245632065776,613.7706203254762
309,309,True,True,True,True,1.0,0.8580252528190613,19,0.9628865979381444,607.8332962041516
310,310,False,False,False,False,0.41058394160583944,0.5632674694061279,27,0.9520697167755992,1046.3865834393491
311,311,True,True,True,True,1.0,0.8825117945671082,31,0.9757462686567164,1172.813348894891
312,312,False,False,False,False,0.8527968596663396,0.805997908115387,31,0.8440913604766633,1095.3599891962829
313,313,False,True,True,True,0.6585956416464891,0.8732094764709473,13,0.8631284916201117,225.16436636179583
314,314,False,False,False,False,0.5119305856832972,0.8607075810432434,15,0.8981481481481481,506.6352732948717
315,315,True,True,True,True,1.0,0.868532657623291,18,0.7544483985765125,679.1238705046104
316,316,True,True,True,True,1.0,0.9021449089050293,27,0.9842738205365402,848.3977622642395
317,317,True,True,True,True,1.0,0.8979948163032532,17,0.968609865470852,386.2631390357507
318,318,True,True,True,True,1.0,0.9316772818565369,13,0.868231046931408,436.4572907059942
319,319,True,True,True,True,1.0,0.8866254687309265,23,0.9096138044371405,762.3780264686237
320,320,False,False,False,False,0.5135416666666667,0.8537638187408447,22,0.5486631016042781,690.3586940928477
321,321,True,True,True,True,1.0,0.934121310710907,24,0.9803117309269893,701.1740824825704
322,322,True,True,True,True,1.0,0.8522974848747253,13,0.7927272727272727,364.2260085613387
323,323,True,True,True,True,1.0,0.9313047528266907,32,0.9862542955326461,1155.8130452052965
324,324,False,False,True,True,0.6533333333333333,0.9091315865516663,22,0.6903553299492385,432.6235972256891
325,325,False,True,True,True,0.9753846153846154,0.8374261856079102,28,0.9469290399522957,1071.404501402299
326,326,True,True,True,True,1.0,0.8779522776603699,23,0.7074829931972789,541.1351674028975
327,327,True,True,True,True,1.0,0.8935079574584961,31,0.9878048780487805,943.5167050762371
328,328,True,True,True,True,1.0,0.915931224822998,26,0.9961114711600778,1176.7990887270341
329,329,True,True,True,True,1.0,0.929807186126709,22,0.47019867549668876,533.3789605177348
330,330,True,True,True,True,1.0,0.8980811238288879,22,0.8636942675159236,583.4431669758688
331,331,True,True,True,True,1.0,0.9149348735809326,24,0.9003095975232198,777.9572591581169
332,332,True,True,True,True,1.0,0.8859386444091797,31,0.997583081570997,1298.1839561129057
333,333,True,True,True,True,1.0,0.8158397674560547,27,0.45571428571428574,783.2140094872503
334,334,False,False,False,False,0.4865361077111383,0.8402484059333801,30,0.5547150781643974,886.2116306482009
335,335,True,True,True,True,1.0,0.9304394721984863,22,0.7775862068965518,526.5842516095686
336,336,True,True,True,True,1.0,0.939070999622345,21,0.9901515151515151,843.4116990481858
337,337,True,True,True,True,1.0,0.8399766087532043,20,0.953763440860215,631.6060864020177
338,338,True,True,True,True,1.0,0.8996017575263977,26,0.9886363636363636,956.3910630719566
339,339,False,True,True,True,0.9565651522715926,0.8369081020355225,31,0.9784569138276553,1084.5047042892354
340,340,True,True,True,True,1.0,0.8863916993141174,12,0.7613636363636364,407.8207819124433
341,341,True,True,True,True,1.0,0.9056429862976074,15,0.9715261958997722,501.50238501043304
342,342,False,False,False,False,0.574607329842932,0.894281804561615,32,0.5721649484536082,1098.515486545336
343,343,True,True,True,True,1.0,0.8535928726196289,17,0.8312655086848635,491.39047628592266
344,344,True,True,True,True,1.0,0.7540791034698486,23,0.9762989972652689,792.955844210918
345,345,True,True,True,True,1.0,0.8896691203117371,35,0.9951661631419939,1297.8616484125141
346,346,True,True,True,True,1.0,0.9123328328132629,16,0.44433399602385687,568.403384874486
347,347,True,True,True,True,1.0,0.9093943238258362,31,0.9609838846480068,834.5822992448336
348,348,True,True,True,True,1.0,0.8635323643684387,27,0.7703656189865298,1042.7944767932465
349,349,True,True,True,True,1.0,0.8827285170555115,18,0.9341269841269841,630.7700671146332
350,350,True,True,True,True,1.0,0.9081380367279053,27,0.6738894907908992,713.382059123856
351,351,False,True,True,True,0.935374149659864,0.8763313293457031,31,0.9469632164242943,1230.7228755767055
352,352,True,True,True,True,1.0,0.8662284016609192,12,0.9486652977412731,347.6639128453302
353,353,True,True,True,True,1.0,0.9315363764762878,21,0.9246298788694481,453.65804614951674
354,354,False,False,False,False,0.7266369993642721,0.7496656775474548,29,0.7503128911138923,1102.026559010425
355,355,True,True,True,True,1.0,0.8592534065246582,32,0.9309838472834068,1109.0418816693712
356,356,True,True,True,True,1.0,0.840362548828125,25,0.9776500638569604,835.2099337158286
357,357,True,True,True,True,1.0,0.8972930908203125,14,0.9502762430939227,218.58718142395074
358,358,True,True,True,True,1.0,0.8881244659423828,17,0.972768532526475,550.9382880837543
359,359,False,False,False,False,0.732802728823195,0.8530269265174866,25,0.7204182718767199,981.915435308735
360,360,False,False,False,False,0.7927308447937131,0.7000365257263184,33,0.6991374936580416,1546.8421806731685
361,361,True,True,True,True,1.0,0.914851725101471,31,0.9597523219814241,1209.4031578631138
362,362,False,False,False,False,0.6127049180327869,0.8203926086425781,35,0.6888731396172927,1370.3332275506973
363,363,True,True,True,True,1.0,0.9476823806762695,29,0.9560336763330215,749.8773718504262
364,364,True,True,True,True,1.0,0.8187362551689148,20,0.5202863961813843,706.3134947433754
365,365,False,False,False,False,0.687170474516696,0.8343140482902527,32,0.48331977217249794,922.9323808979909
366,366,True,True,True,True,1.0,0.931052029132843,20,0.6701208981001727,460.48716735910085
367,367,True,True,True,True,1.0,0.8986639976501465,31,0.8199083169613621,1043.1466413361263
368,368,False,True,True,True,0.9462528387585163,0.856621503829956,29,0.5392265193370166,1018.1573445223501
369,369,True,True,True,True,1.0,0.8804141879081726,28,0.9678096571028691,1011.2060530123769
370,370,True,True,True,True,1.0,0.9194104075431824,16,0.9746835443037974,244.36911753832658
371,371,True,True,True,True,1.0,0.8918452262878418,21,0.8347485303723057,869.0846344425426
372,372,False,True,True,True,0.5058505850585059,0.8308671116828918,21,0.5058505850585059,661.2642365004298
373,373,True,True,True,True,1.0,0.9034693837165833,22,0.797153024911032,493.37219945909385
374,374,False,True,True,True,0.8157894736842105,0.9207944273948669,34,0.9890815671162492,1025.4613410053862
375,375,True,True,True,True,1.0,0.9215318560600281,29,0.9991489361702127,841.9949778301598
376,376,False,True,True,True,0.9661870503597122,0.8575647473335266,33,0.5749202975557917,1208.0096624689472
377,377,True,True,True,True,1.0,0.9497189521789551,31,0.9707835325365206,939.7284081319177
378,378,True,True,True,True,1.0,0.8819271922111511,13,0.7603305785123967,322.8915159733637
379,379,True,True,True,True,1.0,0.84187251329422,19,0.9277899343544858,731.4903182520695
380,380,True,True,True,True,1.0,0.9105551242828369,17,0.6643502432244615,559.1212374951486
381,381,True,True,True,True,1.0,0.9228543639183044,23,0.9871001031991744,916.5486596643004
382,382,True,True,True,True,1.0,0.9080396294593811,18,0.8415697674418605,408.95467038435584
383,383,True,True,True,True,1.0,0.8099570274353027,16,0.7888040712468194,511.57880775270854
384,384,True,True,True,True,1.0,0.9322843551635742,29,0.9881500987491771,1014.3314295235735
385,385,True,True,True,True,1.0,0.9140160083770752,15,0.9508547008547008,329.51589188262676
386,386,False,True,True,True,0.895361380798274,0.7802679538726807,28,0.8651960784313726,935.2499585724714
387,387,True,True,True,True,1.0,0.853253185749054,33,0.924812030075188,1149.8235384192383
388,388,False,False,False,False,0.2871287128712871,0.6977083086967468,20,0.3855633802816901,719.7961927128348
389,389,True,True,True,True,1.0,0.9276158213615417,35,0.8494031221303948,958.6417016197041
390,390,True,True,True,True,1.0,0.8573828339576721,22,0.9831181727904668,545.0371822548029
391,391,True,True,True,True,1.0,0.8483729362487793,19,0.8287337662337663,608.6910466738085
392,392,True,True,True,True,1.0,0.9139980673789978,20,0.842237061769616,670.4492348804527
393,393,True,True,True,True,1.0,0.8952848315238953,20,0.9182027649769585,674.8183822455389
394,394,True,True,True,True,1.0,0.9401662349700928,26,0.9253521126760563,576.3738512419105
395,395,True,True,True,True,1.0,0.9297576546669006,13,0.9489795918367347,419.7820090914246
396,396,True,True,True,True,1.0,0.8982963562011719,23,0.9735729386892178,825.2385038996421
397,397,True,True,True,True,1.0,0.9065084457397461,25,0.9565217391304348,291.6206365834133
398,398,True,True,True,True,1.0,0.9339740872383118,17,0.9607843137254902,405.92839118280784
399,399,True,True,True,True,1.0,0.8940639495849609,26,0.7283531409168081,835.3821237448202
400,400,False,True,True,True,0.8817292006525286,0.8962803483009338,26,0.956989247311828,702.277201164219
401,401,True,True,True,True,1.0,0.8823370933532715,30,0.9021739130434783,1309.2785633511153
402,402,True,True,True,True,1.0,0.9318035244941711,16,0.9323529411764706,410.835991013075
403,403,False,False,False,True,0.9110889110889111,0.7908785939216614,35,0.9947835159102765,1414.7452949519948
404,404,True,True,True,True,1.0,0.8710100054740906,11,0.4857142857142857,259.68985710945424
405,405,True,True,True,True,1.0,0.9081032276153564,24,0.6470198675496689,783.8082512658289
406,406,False,False,False,False,0.5002922267679719,0.71184903383255,29,0.6352631578947369,979.2032769841273
407,407,True,True,True,True,1.0,0.8958337903022766,14,0.8444730077120822,404.23882539199127
408,408,True,True,True,True,1.0,0.9096224904060364,31,0.9754512635379061,1074.3651532260435
409,409,True,True,True,True,1.0,0.9428424835205078,13,0.8998144712430427,143.0617569290273
410,410,True,True,True,True,1.0,0.8896427154541016,20,0.7327188940092166,639.2094453361456
411,411,True,True,True,True,1.0,0.8010251522064209,12,0.5693160813308688,406.42773038215967
412,412,True,True,True,True,1.0,0.8649213314056396,28,0.6964856230031949,914.9531157519843
413,413,False,False,False,True,0.8263440860215053,0.8272848129272461,34,0.906318082788671,1315.6063436683378
414,414,True,True,True,True,1.0,0.9181211590766907,20,0.976027397260274,503.8954093358506
415,415,True,True,True,True,1.0,0.9185875058174133,22,0.9875930521091811,575.389107954436
416,416,True,True,True,True,1.0,0.9224227070808411,18,0.9023255813953488,284.21818880923297
417,417,True,True,True,True,1.0,0.9009904265403748,13,0.9487534626038782,344.02313678649665
418,418,True,True,True,True,1.0,0.8990461230278015,9,0.6398467432950191,89.57949822591905
419,419,True,True,True,True,1.0,0.9168317317962646,18,0.936,391.2375344506235
420,420,True,True,True,True,1.0,0.9251301288604736,27,0.9303991811668373,1028.0061279030704
421,421,True,True,True,True,1.0,0.8817408084869385,30,0.9641509433962264,862.3549802249413
422,422,False,True,True,True,0.9823717948717948,0.8592982292175293,34,0.9940955448201825,1671.9206184624247
423,423,True,True,True,True,1.0,0.9205009937286377,34,0.9660703269586675,1075.1984685046643
424,424,True,True,True,True,1.0,0.9264823794364929,35,0.9983957219251337,1662.726240365401
425,425,True,True,True,True,1.0,0.8723204135894775,19,0.7855227882037533,469.4585329518814
426,426,False,True,True,True,0.4897360703812317,0.8444749712944031,15,0.8187919463087249,297.7502458872492
427,427,True,True,True,True,1.0,0.9173426032066345,31,0.7568881685575365,649.0991558446115
428,428,True,True,True,True,1.0,0.9184820055961609,25,0.9723247232472325,842.5756337576312
429,429,False,True,True,True,0.6333021515434986,0.8174943327903748,21,0.9362850971922246,497.5406104244327
430,430,True,True,True,True,1.0,0.9168422222137451,33,0.5798029556650246,1212.2216077068094
431,431,True,True,True,True,1.0,0.8873436450958252,24,0.5843060959792478,784.6546868118381
432,432,True,True,True,True,1.0,0.9062795639038086,16,0.9481668773704172,303.106423438976
433,433,True,True,True,True,1.0,0.9142348170280457,14,0.6906906906906907,351.3799021506579
434,434,True,True,True,True,1.0,0.9110148549079895,25,0.7618181818181818,981.7145875576335
435,435,True,True,True,True,1.0,0.9266654849052429,7,0.8235294117647058,35.06139398862029
436,436,True,True,True,True,1.0,0.903669536113739,18,0.9977578475336323,388.08003325829304
437,437,True,True,True,True,1.0,0.9085747599601746,23,0.8336700336700337,770.9278657206092
438,438,True,True,True,True,1.0,0.9208831191062927,34,0.9424198250728864,1171.3844549260168
439,439,True,True,True,True,1.0,0.9342580437660217,16,0.88125,471.69990594858604
440,440,True,True,True,True,1.0,0.9235023856163025,18,0.9779693486590039,528.9173802794729
441,441,True,True,True,True,1.0,0.8589817881584167,12,0.6544622425629291,301.68734400453286
442,442,True,True,True,True,1.0,0.9011229872703552,27,0.8672086720867209,874.1018786910632
443,443,False,False,True,True,0.802283341982356,0.9115554690361023,34,0.9745331069609507,1384.3054344655689
444,444,True,True,True,True,1.0,0.9400973320007324,20,0.5531531531531532,679.0879212208301
445,445,False,True,True,True,0.7387900355871886,0.928769052028656,25,0.9770569620253164,809.9448908184264
446,446,False,True,True,True,0.22862453531598512,0.7718877196311951,18,0.861271676300578,286.6825822559432
447,447,True,True,True,True,1.0,0.9306278824806213,25,0.9424778761061947,694.2971667218993
448,448,True,True,True,True,1.0,0.8346700668334961,29,0.9953271028037384,1289.0417289106251
449,449,False,True,True,True,0.6073001887979862,0.8108615279197693,24,0.9392523364485982,929.8756436791346
450,450,True,True,True,True,1.0,0.9303469657897949,18,0.7992766726943942,557.1644878218654
451,451,True,True,True,True,1.0,0.8922433853149414,25,0.9914163090128756,892.2437032331906
452,452,False,True,True,True,0.8527638190954774,0.8730788230895996,33,0.9978201634877384,1409.5469668724809
453,453,True,True,True,True,1.0,0.9219026565551758,19,0.910394265232975,371.3775914439778
454,454,True,True,True,True,1.0,0.8875823020935059,28,0.9378427787934186,700.9785707387836
455,455,False,False,False,False,0.8669295219319862,0.7470418810844421,33,0.8537666174298375,1280.9546798712695
456,456,False,False,False,False,0.611791730474732,0.7950035929679871,31,0.4989165763813651,1114.610354991227
457,457,False,False,False,False,0.5086128739800544,0.8029270172119141,27,0.5201288244766505,792.5514037601564
458,458,True,True,True,True,1.0,0.8766595721244812,18,0.861904761904762,435.63089938314084
459,459,True,True,True,True,1.0,0.9416780471801758,20,0.8792792792792793,365.80514056097553
460,460,True,True,True,True,1.0,0.8835474848747253,22,0.7256637168141593,679.9035400678605
461,461,True,True,True,True,1.0,0.8735397458076477,34,0.6489963973237262,1031.3208659035347
462,462,False,False,False,True,0.5775462962962963,0.9016628265380859,16,0.9132231404958677,270.4992626103369
463,463,True,True,True,True,1.0,0.8567021489143372,28,0.8930412371134021,1029.57535468814
464,464,True,True,True,True,1.0,0.8754522800445557,18,0.9294871794871795,355.11474275241824
465,465,True,True,True,True,1.0,0.9129478335380554,23,0.8618290258449304,630.4747745211114
466,466,False,False,False,True,0.8352788586251622,0.8423855900764465,29,0.9531362653208363,829.1956034735972
467,467,False,True,True,True,0.8499496475327291,0.90891432762146,14,0.8509615384615384,513.227042996645
468,468,True,True,True,True,1.0,0.8872144818305969,33,0.9746835443037974,1130.8245113364394
469,469,False,False,False,False,0.8641826923076923,0.8849377632141113,29,0.7303128371089536,647.1822768546679
470,470,False,True,True,True,0.6214622641509434,0.7148346900939941,17,0.8477611940298507,558.3894324212293
471,471,False,False,False,False,0.739422084623323,0.8068025708198547,23,0.7256819351518271,930.1371902461912
472,472,True,True,True,True,1.0,0.8998055458068848,29,0.9730061349693252,1002.30955024198
473,473,True,True,True,True,1.0,0.927646815776825,24,0.38521836506159013,502.2451538404194
474,474,True,True,True,True,1.0,0.917349636554718,14,0.8233173076923077,489.8276972429593
475,475,True,True,True,True,1.0,0.8944482803344727,25,0.9727339719970524,626.2655096229885
476,476,False,False,False,False,0.6462882096069869,0.8148840069770813,26,0.8323504633529908,627.2923747165826
477,477,False,False,False,False,0.8731971153846154,0.8653035759925842,34,0.8731971153846154,1100.6668994797249
478,478,True,True,True,True,1.0,0.868503749370575,10,0.7333333333333333,93.7792291661388
479,479,True,True,True,True,1.0,0.9352943897247314,17,0.5894495412844036,380.9108652237542
480,480,False,False,False,True,0.7747105966162066,0.8676126599311829,24,0.9858223062381852,705.0130176156014
481,481,True,True,True,True,1.0,0.8910074234008789,20,0.8412138320395202,601.0168156609751
482,482,False,False,False,False,0.8898450946643718,0.8697071671485901,28,0.7962166809974205,830.9613259736622
483,483,True,True,True,True,1.0,0.9082090258598328,13,0.9405594405594405,282.89699828956014
484,484,True,True,True,True,1.0,0.8929793238639832,9,0.6962962962962963,219.54299954784685
485,485,True,True,True,True,1.0,0.9119723439216614,25,0.8403225806451613,683.4323401314331
486,486,True,True,True,True,1.0,0.9107242226600647,16,0.9276595744680851,211.55452496564178
487,487,True,True,True,True,1.0,0.8352160453796387,18,0.9138840070298769,684.3272391952121
488,488,True,True,True,True,1.0,0.8741270899772644,19,0.8625314333612741,633.8656899513373
489,489,True,True,True,True,1.0,0.7940970063209534,13,0.8014638609332113,492.4591607261773
490,490,False,False,False,False,0.6612050739957717,0.7298042178153992,28,0.7104722792607803,1370.5975582073795
491,491,True,True,True,True,1.0,0.8960258364677429,27,0.9722222222222222,934.1233621771976
492,492,True,True,True,True,1.0,0.9149976372718811,32,0.9499679281590764,1020.9878437990021
493,493,True,True,True,True,1.0,0.8994333744049072,30,0.9517313746065058,1013.1133640481713
494,494,False,True,True,True,0.9563597658328898,0.8582494854927063,26,0.9887157442235357,849.4548676591462
495,495,True,True,True,True,1.0,0.916893720626831,15,0.9359605911330049,384.1743532955767
496,496,True,True,True,True,1.0,0.8788912892341614,23,0.9326513213981245,585.5159804484063
497,497,True,True,True,True,1.0,0.9067394137382507,17,0.7819314641744548,524.6080948683215
498,498,True,True,True,True,1.0,0.9304320216178894,31,0.9318181818181818,629.0936183746094
499,499,True,True,True,True,1.0,0.8965933918952942,10,0.5938303341902313,260.46646199109995
500,500,False,True,True,True,0.6847014925373134,0.8700777888298035,22,0.740506329113924,420.4171562260134
501,501,True,True,True,True,1.0,0.8712514042854309,35,0.8558282208588958,1346.3516177106405
502,502,True,True,True,True,1.0,0.8968431353569031,23,0.8625294579732914,876.1330060513365
503,503,True,True,True,True,1.0,0.9012039303779602,17,0.9378531073446328,570.605939404904
504,504,True,True,True,True,1.0,0.8417122960090637,21,0.5655172413793104,462.0012385812976
505,505,True,True,True,True,1.0,0.8449479937553406,26,0.7539332913782253,1094.0036184436397
506,506,True,True,True,True,1.0,0.9120805859565735,17,0.9685863874345549,566.6059394049041
507,507,False,True,True,True,0.8875154511742892,0.8576946258544922,13,0.9219512195121952,447.301694548688
508,508,True,True,True,True,1.0,0.9397530555725098,15,0.9056603773584906,222.90712145792597
509,509,True,True,True,True,1.0,0.8371105790138245,11,0.6986899563318777,104.01464778770251
510,510,True,True,True,True,1.0,0.9409777522087097,18,0.9092039800995025,607.6910984790119
511,511,True,True,True,True,1.0,0.772072970867157,11,0.7960893854748603,242.77390023702037
512,512,True,True,True,True,1.0,0.8886032104492188,28,0.9846625766871165,1018.1164983253227
513,513,True,True,True,True,1.0,0.8110551834106445,12,0.3924050632911392,174.1761330130197
514,514,False,False,False,False,0.6604077253218884,0.8499727845191956,31,0.6831530139103554,1091.0398076010074
515,515,True,True,True,True,1.0,0.8346018195152283,18,0.9597069597069597,651.2166822028839
516,516,True,True,True,True,1.0,0.9325867295265198,24,0.8520499108734403,578.9337661559941
517,517,True,True,True,True,1.0,0.9146924018859863,24,0.9816350710900474,1099.8739232480436
518,518,True,True,True,True,1.0,0.9181969165802002,13,0.8969359331476323,462.84208672802305
519,519,True,True,True,True,1.0,0.8656752705574036,29,0.9601910828025477,717.3457737916788
520,520,True,True,True,True,1.0,0.9120573401451111,20,0.961864406779661,758.0503618421599
521,521,True,True,True,True,1.0,0.9225635528564453,19,0.9897510980966325,534.9251378703718
522,522,False,True,True,True,0.8472116119174943,0.9037922024726868,24,0.6046511627906976,999.0966742753933
523,523,True,True,True,True,1.0,0.9084946513175964,24,0.9770773638968482,689.6791380827159
524,524,True,True,True,True,1.0,0.941844642162323,32,0.9911845730027549,1306.003842557404
525,525,True,True,True,True,1.0,0.8834443688392639,23,0.9790915645277577,711.5612613847367
526,526,True,True,True,True,1.0,0.9299087524414062,20,0.9584775086505191,535.738749698584
527,527,True,True,True,True,1.0,0.9161432385444641,27,0.9676375404530745,790.6444166378485
528,528,False,False,False,False,0.46375921375921375,0.8113973140716553,21,0.4919113241461953,607.094786815807
529,529,True,True,True,True,1.0,0.9504733085632324,21,0.9934782608695653,607.1898575300982
530,530,False,True,True,True,0.968421052631579,0.8985121846199036,27,0.832541567695962,768.2511167987132
531,531,True,True,True,True,1.0,0.9224888682365417,13,0.9541029207232267,310.6863411889369
532,532,True,True,True,True,1.0,0.8883511424064636,17,0.9129692832764505,283.52992519544233
533,533,True,True,True,True,1.0,0.9288285374641418,23,0.9666666666666667,630.4926869668425
534,534,True,True,True,True,1.0,0.8679175972938538,23,0.9654761904761905,546.3720399229871
535,535,True,True,True,True,1.0,0.9081888198852539,18,0.9,558.4278978541366
536,536,True,True,True,True,1.0,0.925271213054657,25,0.928843710292249,676.2763247490468
537,537,True,True,True,True,1.0,0.8719226717948914,18,0.8240343347639485,427.8459320655499
538,538,True,True,True,True,1.0,0.8913996815681458,30,0.9842873176206509,1101.4067818939993
539,539,True,True,True,True,1.0,0.8923006653785706,18,0.3674339300937766,451.5038618460872
540,540,False,True,True,True,0.7353827606992164,0.8559355735778809,20,0.9243466299862448,730.0696714391546
541,541,True,True,True,True,1.0,0.9309199452400208,26,0.9946559786239145,1108.259814656348
542,542,True,True,True,True,1.0,0.8350949883460999,22,0.9704284852142426,1075.097457375346
543,543,False,True,True,True,0.8541505042668736,0.8732080459594727,24,0.8153846153846154,965.5620541401889
544,544,False,False,False,False,0.6766528925619835,0.8026638627052307,31,0.7330696984676224,1185.504432585902
545,545,True,True,True,True,1.0,0.8750899434089661,15,0.818069306930693,512.8521248737759
546,546,False,False,False,False,0.704375,0.8925740718841553,23,0.5931069958847737,860.4164741337664
547,547,True,True,True,True,1.0,0.8366138935089111,29,0.9649122807017544,1446.7845610582667
548,548,False,True,True,True,0.9827586206896551,0.9239797592163086,18,0.9807280513918629,362.8116660442259
549,549,False,True,True,True,0.9680851063829787,0.8084123730659485,33,0.8860759493670886,1383.8436783382576
550,550,True,True,True,True,1.0,0.9274754524230957,17,0.9168900804289544,278.0598581212913
551,551,True,True,True,True,1.0,0.9349047541618347,17,0.8373904576436222,566.2934169735495
552,552,True,True,True,True,1.0,0.9176270365715027,15,0.8897058823529411,352.0585192955091
553,553,True,True,True,True,1.0,0.899005651473999,18,0.7464183381088825,550.1652140865369
554,554,False,False,False,False,0.7961213326703133,0.6550797820091248,32,0.7496244366549825,1235.9427550858645
555,555,False,False,False,False,0.6441640378548896,0.8884789347648621,27,0.648062015503876,1098.251821827516
556,556,True,True,True,True,1.0,0.8596009612083435,18,0.9894534995206136,646.2166822028838
557,557,True,True,True,True,1.0,0.8668341636657715,11,0.8048780487804879,216.62217283529887
558,558,True,True,True,True,1.0,0.8894317150115967,29,0.9717618170656844,1037.557129752768
559,559,True,True,True,True,1.0,0.9117690920829773,16,0.869980879541109,439.0527140673131
560,560,True,True,True,True,1.0,0.9274885654449463,15,0.9263157894736842,185.02694288582546
561,561,True,True,True,True,1.0,0.7927713394165039,11,0.8502994011976048,127.52442279202945
562,562,False,False,False,False,0.2653061224489796,0.8240869045257568,28,0.3427835051546392,373.6138240144492
563,563,True,True,True,True,1.0,0.9341629147529602,22,0.7961321514907332,551.5045005474049
564,564,True,True,True,True,1.0,0.8381366729736328,27,0.6974231088944306,804.528875177975
565,565,True,True,True,True,1.0,0.9366743564605713,26,0.834289356277884,790.6633058580651
566,566,True,True,True,True,1.0,0.8784869313240051,21,0.7423076923076923,476.8232921318308
567,567,True,True,True,True,1.0,0.9098322987556458,23,0.3912037037037037,685.675870372734
568,568,False,True,True,True,0.7380787836903939,0.9206819534301758,31,0.9683641975308642,1126.6557710237366
569,569,True,True,True,True,1.0,0.8481786251068115,18,0.9372384937238494,498.9622580106285
570,570,True,True,True,True,1.0,0.9151269793510437,19,0.9812362030905077,590.1373479506202
571,571,True,True,True,True,1.0,0.8587214350700378,13,0.7933333333333333,348.95820522022603
572,572,True,True,True,True,1.0,0.9128627181053162,15,0.8752025931928687,326.5868597859925
573,573,True,True,True,True,1.0,0.9159628748893738,29,0.9315188762071993,1247.2198082973016
574,574,True,True,True,True,1.0,0.8433067798614502,16,0.689727463312369,566.192470173006
575,575,True,True,True,True,1.0,0.9264594912528992,14,0.7914438502673797,297.2020152239527
576,576,False,False,False,True,0.6795665634674922,0.8218135237693787,30,0.9362348178137652,902.3052187354378
577,577,False,False,False,False,0.48679678530424797,0.6838350296020508,27,0.6429303278688525,1107.7575681385247
578,578,True,True,True,True,1.0,0.922955334186554,20,0.9883296863603209,643.1356535851737
579,579,True,True,True,True,1.0,0.9106340408325195,19,0.9772382397572079,517.3647227665037
580,580,True,True,True,True,1.0,0.9371424317359924,19,0.751131221719457,292.06022418553414
581,581,True,True,True,True,1.0,0.9377202391624451,19,0.9861351819757366,547.8119354063189
582,582,True,True,True,True,1.0,0.8808588981628418,31,0.9030265596046942,1071.1228657002105
583,583,True,True,True,True,1.0,0.9193754196166992,34,0.9983484723369116,1125.0237466001213
584,584,True,True,True,True,1.0,0.8735232949256897,16,0.776778413736713,592.289635895091
585,585,True,True,True,True,1.0,0.923245906829834,23,0.42354124748490946,755.0570564447128
586,586,True,True,True,True,1.0,0.9199672341346741,20,0.8069053708439897,662.0737729942598
587,587,True,True,True,True,1.0,0.9115855097770691,31,0.8981612446958982,902.3149342375885
588,588,True,True,True,True,1.0,0.9073489308357239,31,0.8963210702341137,1186.9468529849405
589,589,True,True,True,True,1.0,0.9368641972541809,23,0.9796875,607.197642337094
590,590,True,True,True,True,1.0,0.8774247169494629,22,0.97514033680834,726.3489190885209
591,591,True,True,True,True,1.0,0.9143369197845459,24,0.9794188861985472,573.1168719334516
592,592,True,True,True,True,1.0,0.8657719492912292,35,0.9892021595680864,1252.728305478564
593,593,True,True,True,True,1.0,0.9079321026802063,25,0.9796296296296296,894.3952035332
594,594,False,False,False,False,0.5186991869918699,0.7196730971336365,24,0.9244582043343653,894.899615898138
595,595,True,True,True,True,1.0,0.9263949394226074,25,0.9850074962518741,729.7039934060001
596,596,False,False,False,False,0.5110294117647058,0.7176907062530518,29,0.4975948690539818,1109.2580338295422
597,597,True,True,True,True,1.0,0.8752150535583496,11,0.7106741573033708,252.1382381251609
598,598,False,False,False,False,0.24979983987189752,0.8111971020698547,15,0.3101567825494206,486.5586059366732
599,599,True,True,True,True,1.0,0.9134095311164856,14,0.537117903930131,230.06985643232213
600,600,True,True,True,True,1.0,0.861254870891571,24,0.9473346178548491,891.0197307552506
601,601,True,True,True,True,1.0,0.9134038090705872,17,0.8152866242038217,395.47158508728745
602,602,True,True,True,True,1.0,0.9077402949333191,28,0.9280430396772025,1122.0570007945923
603,603,True,True,True,True,1.0,0.9023287892341614,29,0.9599697885196374,1095.8255004027928
604,604,True,True,True,True,1.0,0.8980086445808411,33,0.9227000544365814,1248.7612265346343
605,605,True,True,True,True,1.0,0.9046802520751953,18,0.91894852135816,582.4563266437717
606,606,True,True,True,True,1.0,0.9105091094970703,16,0.8463768115942029,527.7445762354075
607,607,True,True,True,True,1.0,0.8780642151832581,24,0.9822569198012775,1119.9233992549243
608,608,True,True,True,True,1.0,0.8534591197967529,11,0.8152173913043478,253.49457522403964
609,609,True,True,True,True,1.0,0.8900560736656189,28,0.959122632103689,906.0472409007455
610,610,True,True,True,True,1.0,0.8974210619926453,25,0.918785890073831,873.0966528047687
611,611,True,True,True,True,1.0,0.918755054473877,31,0.7536945812807881,769.8246761786658
612,612,True,True,True,True,1.0,0.9260337352752686,17,0.9742647058823529,220.7523244227379
613,613,True,True,True,True,1.0,0.8975426554679871,22,0.9615384615384616,820.5554872531005
614,614,True,True,True,True,1.0,0.8622746467590332,12,0.8622366288492707,407.59521942326063
615,615,False,True,True,True,0.5170731707317073,0.8805792927742004,11,0.6614699331848553,283.2467570952085
616,616,False,False,True,True,0.7569558101472995,0.8716694712638855,22,0.8386568386568387,631.0510442150293
617,617,True,True,True,True,1.0,0.9203760027885437,32,0.9634443541835905,1099.1603713108268
618,618,False,True,True,True,0.9633440514469453,0.82914137840271,32,0.8932853717026379,1230.4820515193114
619,619,False,True,True,True,0.572284003421728,0.8753032684326172,23,0.9584775086505191,477.1136609931022
620,620,False,True,True,True,0.9791318864774624,0.8676508069038391,25,0.8841927303465765,665.8599374969845
621,621,False,False,False,False,0.6192425793244627,0.6088051199913025,29,0.8757807078417765,1230.3267712541624
622,622,False,False,False,False,0.39403213465952563,0.7688083052635193,21,0.4870665932856357,949.4773525825949
623,623,True,True,True,True,1.0,0.9052870869636536,11,0.8123076923076923,156.1710478569335
624,624,False,False,False,False,0.2671353251318102,0.6039125323295593,15,0.4105960264900662,375.86536060970866
625,625,True,True,True,True,1.0,0.9076853394508362,28,0.7528026905829597,968.9457975199903
626,626,True,True,True,True,1.0,0.9264692664146423,14,0.8203883495145631,309.170530848947
627,627,True,True,True,True,1.0,0.8557187914848328,22,0.7228506787330317,665.8956449989771
628,628,True,True,True,True,1.0,0.8977081179618835,32,0.835820895522388,1413.699020031363
629,629,True,True,True,True,1.0,0.8458418250083923,24,0.9465116279069767,813.7604741471048
630,630,True,True,True,True,1.0,0.857661783695221,28,0.8970027247956404,941.1291508343998
631,631,False,True,True,True,0.8737864077669902,0.8189333081245422,34,0.9452595936794582,1476.4742987994996
632,632,True,True,True,True,1.0,0.9401361346244812,33,0.9417040358744395,941.6500457505591
633,633,True,True,True,True,1.0,0.9062712788581848,29,0.8708226221079691,964.9827634689634
634,634,False,False,False,False,0.5938407902382336,0.7425405383110046,33,0.57981220657277,1150.7629305382654
635,635,False,False,False,False,0.6374269005847953,0.8518214225769043,29,0.6199893105291288,1201.8795714324833
636,636,True,True,True,True,1.0,0.8778123259544373,10,0.7280334728033473,135.66369253840438
637,637,True,True,True,True,1.0,0.9319815039634705,26,0.9306615776081425,899.5679601728307
638,638,True,True,True,True,1.0,0.8813274502754211,14,0.6171548117154811,264.7404070332149
639,639,False,True,True,True,0.7458710708577517,0.7801762223243713,29,0.9922730199613651,870.1329120257209
640,640,True,True,True,True,1.0,0.8612887859344482,18,0.8678057553956835,760.2956546799153
641,641,True,True,True,True,1.0,0.8880687355995178,25,0.9896973599484868,945.9100417031237
642,642,True,True,True,True,1.0,0.8875524401664734,23,0.9825978868862648,948.7974180255529
643,643,True,True,True,True,1.0,0.8747334480285645,35,0.8504622077215879,1431.5988634319185
644,644,True,True,True,True,1.0,0.9008255004882812,22,0.8631178707224335,684.1857521837227
645,645,True,True,True,True,1.0,0.8444004058837891,12,0.9039665970772442,307.39688695312145
646,646,True,True,True,True,1.0,0.9094708561897278,16,0.8184357541899442,316.95584342662085
647,647,False,False,False,False,0.21062618595825428,0.6691441535949707,12,0.9042995839112344,292.47357154412316
648,648,True,True,True,True,1.0,0.8717148303985596,30,0.932788374205268,1285.1413825522902
649,649,True,True,True,True,1.0,0.8438613414764404,14,0.7871396895787139,350.6847828061791
650,650,True,True,True,True,1.0,0.9306758046150208,20,0.9559372666168783,542.7849870464745
651,651,True,True,True,True,1.0,0.8654851913452148,26,0.795816733067729,815.1853852693438
652,652,True,True,True,True,1.0,0.880718469619751,35,0.8424336973478939,1447.655890046921
653,653,True,True,True,True,1.0,0.7913641333580017,16,0.9855818743563337,548.6676329711794
654,654,True,True,True,True,1.0,0.8841031193733215,17,0.9529983792544571,416.2118100829604
655,655,True,True,True,True,1.0,0.923128604888916,16,0.8980645161290323,451.3924838974225
656,656,True,True,True,True,1.0,0.8959627151489258,29,0.97347316471314,1203.8347762502788
657,657,True,True,True,True,1.0,0.8392764925956726,22,0.9805115712545676,474.29396702691423
658,658,True,True,True,True,1.0,0.8711715340614319,29,0.9786921381337252,906.1683378549124
659,659,True,True,True,True,1.0,0.8934845924377441,12,0.8045325779036827,263.38150377072884
660,660,True,True,True,True,1.0,0.8638739585876465,25,0.6908602150537635,979.5849737253044
661,661,True,True,True,True,1.0,0.8113574385643005,12,0.8845500848896435,336.0748996548373
662,662,True,True,True,True,1.0,0.8800304532051086,27,0.984149855907781,926.9165006196736
663,663,True,True,True,True,1.0,0.8867500424385071,15,0.9346246973365617,266.1410340318074
664,664,True,True,True,True,1.0,0.9262781143188477,27,0.7830342577487766,472.6983341908494
665,665,True,True,True,True,1.0,0.8644478917121887,25,0.9095626389918459,646.9810798755046
666,666,True,True,True,True,1.0,0.8994308114051819,26,0.9080675422138836,834.0193252131489
667,667,False,False,True,True,0.8008264462809918,0.9025383591651917,24,0.9572727272727273,815.2050072063593
668,668,True,True,True,True,1.0,0.9287431240081787,14,0.9119496855345912,156.32058642575467
669,669,False,True,True,True,0.39438815276695244,0.8655725121498108,18,0.7790909090909091,579.9658112625143
670,670,True,True,True,True,1.0,0.9211103916168213,30,0.9957374254049446,911.3192085924776
671,671,True,True,True,True,1.0,0.8235475420951843,21,0.9219917012448133,523.3755159389312
672,672,True,True,True,True,1.0,0.926799476146698,27,0.9346590909090909,713.5387785571529
673,673,False,False,False,False,0.7787128712871287,0.5470348000526428,32,0.7729756582215599,1043.648170158034
674,674,True,True,True,True,1.0,0.7745040059089661,13,0.5302752293577981,472.66459181614175
675,675,True,True,True,True,1.0,0.9294192790985107,17,0.8164251207729468,403.94817124808776
676,676,True,True,True,True,1.0,0.9417497515678406,18,0.9673469387755103,398.5353943754878
677,677,True,True,True,True,1.0,0.8976478576660156,22,0.8642590286425903,502.37610451690523
678,678,False,True,True,True,0.8795811518324608,0.8668120503425598,28,0.9100364014560582,894.1481918571958
679,679,False,True,True,True,0.7065462753950339,0.8696549534797668,22,0.9634069400630915,902.3967763739249
680,680,False,True,True,True,0.8805237315875614,0.8810194134712219,30,0.8345588235294118,1362.5862514254009
681,681,False,False,False,False,0.5371577574967406,0.7822647094726562,25,0.7192608386638237,658.5381990937202
682,682,False,True,True,True,0.5947416137805984,0.8712077736854553,17,0.5774058577405857,445.34272576308126
683,683,True,True,True,True,1.0,0.9200922846794128,25,0.9659090909090909,941.8894280761476
684,684,True,True,True,True,1.0,0.8627047538757324,32,0.7705382436260623,1384.8404200766536
685,685,True,True,True,True,1.0,0.8621973991394043,27,0.9312688821752266,805.6443554979896
686,686,False,True,True,True,0.5,0.8195123672485352,16,0.9808219178082191,498.97860543027844
687,687,True,True,True,True,1.0,0.9280501008033752,9,0.7366071428571429,103.23098268032228
688,688,False,True,True,True,0.97310686482661,0.9029161930084229,29,0.9704184704184704,951.8040547523632
689,689,True,True,True,True,1.0,0.8842949867248535,24,0.9737118822292324,663.158326021262
690,690,False,True,True,True,0.8018867924528302,0.89703768491745,24,0.7937062937062938,1184.503315116595
691,691,True,True,True,True,1.0,0.8931007981300354,33,0.9567367119901112,1200.7000946213984
692,692,False,True,True,True,0.9204859193815571,0.8732703328132629,32,0.8915531335149863,1216.5156251242788
693,693,True,True,True,True,1.0,0.9014274477958679,31,0.9721988205560236,1093.3809022557866
694,694,True,True,True,True,1.0,0.9203136563301086,16,0.9896551724137931,414.8664113623562
695,695,True,True,True,True,1.0,0.9108452200889587,22,0.8706467661691543,668.4356489939471
696,696,True,True,True,True,1.0,0.8792799115180969,27,0.9458823529411765,1034.6024003617806
697,697,True,True,True,True,1.0,0.8287294507026672,26,0.98046875,953.5987315539724
698,698,True,True,True,True,1.0,0.8959444165229797,10,0.7976539589442815,313.2557528676839
699,699,True,True,True,True,1.0,0.9120234847068787,17,0.8103448275862069,688.990980596612
700,700,True,True,True,True,1.0,0.9267299771308899,16,0.6253071253071253,402.9857257388615
701,701,True,True,True,True,1.0,0.9139373898506165,18,0.9746121297602257,456.2846528120546
702,702,True,True,True,True,1.0,0.9197594523429871,20,0.9494773519163763,422.4418969105164
703,703,True,True,True,True,1.0,0.9031838774681091,21,0.8839137645107794,696.4584868748468
704,704,True,True,True,True,1.0,0.9051454663276672,30,0.7265214124718257,1140.007882246999
705,705,True,True,True,True,1.0,0.8586726188659668,13,0.4479166666666667,329.1610659820176
706,706,True,True,True,True,1.0,0.9343438744544983,22,0.9306759098786829,578.1439954565993
707,707,False,True,True,True,0.8397790055248618,0.9235773086547852,33,0.9050167224080268,1054.0317322894753
708,708,True,True,True,True,1.0,0.9319729208946228,33,0.983402489626556,1369.0905619158902
709,709,True,True,True,True,1.0,0.9187359809875488,10,0.8701298701298701,64.27793097483524
710,710,True,True,True,True,1.0,0.8935471177101135,30,0.994121969140338,1027.179083250142
711,711,True,True,True,True,1.0,0.9159550666809082,21,0.9182590233545648,513.2485282988569
712,712,False,True,True,True,0.9275184275184275,0.9245864748954773,23,0.9313967861557478,907.2594671692392
713,713,True,True,True,True,1.0,0.8765574097633362,19,0.30242360379346683,672.5097296076208
714,714,True,True,True,True,1.0,0.8932766318321228,27,0.9770200148257969,880.8851269680121
715,715,True,True,True,True,1.0,0.7788781523704529,17,0.5789915966386555,426.9324997887675
716,716,True,True,True,True,1.0,0.8603640198707581,21,0.6983578219533275,749.7259898766752
717,717,False,True,True,True,0.7054833239118146,0.8580682277679443,32,0.9315687540348612,1351.3743856607125
718,718,False,True,True,True,0.4373795761078998,0.8814888596534729,20,0.9553450608930988,468.5501340263287
719,719,False,True,True,True,0.5983302411873841,0.8964921832084656,18,0.9135667396061269,580.8854958010583
720,720,True,True,True,True,1.0,0.9520682692527771,18,0.9264990328820116,321.88548674218765
721,721,True,True,True,True,1.0,0.9047164916992188,30,0.9704040978941377,1027.9138488854285
722,722,False,True,True,True,0.8683770217512549,0.8932790756225586,34,0.9572098475967175,1131.940308804644
723,723,False,True,True,True,0.9518394648829431,0.876724898815155,32,0.9923875432525952,1025.0193174012454
724,724,True,True,True,True,1.0,0.8971319198608398,8,0.7592592592592593,58.0
725,725,True,True,True,True,1.0,0.9422280192375183,31,0.8997641509433962,667.0947189442646
726,726,True,True,True,True,1.0,0.9073030352592468,29,0.9155733029092984,1000.5999825152163
727,727,True,True,True,True,1.0,0.9241226315498352,26,0.9712140175219024,1084.5695670120672
728,728,True,True,True,True,1.0,0.8835228085517883,25,0.5581929555895865,795.6820434540797
729,729,True,True,True,True,1.0,0.9098119139671326,23,0.8311111111111111,451.21440722647196
730,730,True,True,True,True,1.0,0.8562234044075012,17,0.5161572052401747,353.65990399546155
731,731,True,True,True,True,1.0,0.8646786212921143,17,0.8309741881765196,616.335838847091
732,732,True,True,True,True,1.0,0.9283928871154785,14,0.8991282689912827,473.58536344623127
733,733,True,True,True,True,1.0,0.8715924620628357,19,0.8430769230769231,643.4262898615415
734,734,True,True,True,True,1.0,0.88909912109375,14,0.935349322210636,359.04358214983137
735,735,False,False,False,False,0.750501002004008,0.8248014450073242,34,0.8090551181102362,1561.701123093437
736,736,False,True,True,True,0.8666666666666667,0.9060096144676208,27,0.8230543318649045,996.928735284814
737,737,True,True,True,True,1.0,0.8985845446586609,12,0.5728987993138936,317.3241659524457
738,738,False,False,False,False,0.7423558897243108,0.7494552731513977,34,0.78248031496063,1234.460564890264
739,739,False,False,False,False,0.48480164863472436,0.7587442398071289,30,0.5041736227045075,982.501455831049
740,740,True,True,True,True,1.0,0.8824604153633118,20,0.46680497925311204,565.6038193959355
741,741,False,False,False,False,0.32407407407407407,0.8114145398139954,19,0.3773006134969325,673.4778547583704
742,742,True,True,True,True,1.0,0.8965960144996643,18,0.8116197183098591,539.4447945489236
743,743,False,True,True,True,0.8142116950407106,0.861685574054718,28,0.9880239520958084,1068.305769128744
744,744,False,False,False,False,0.48626716604244696,0.8217940330505371,25,0.5526127415891195,994.0680192999836
745,745,True,True,True,True,1.0,0.8853011131286621,18,0.9979919678714859,515.1470091562182
746,746,True,True,True,True,1.0,0.8808755874633789,27,0.49157733537519144,803.5686315861201
747,747,False,False,False,False,0.6328327291558777,0.7022884488105774,30,0.6397984886649875,1166.4476987565363
748,748,True,True,True,True,1.0,0.8808255195617676,14,0.847985347985348,330.09780984827137
749,749,False,True,True,True,0.6500341763499659,0.8761212229728699,21,0.9146525679758308,810.2937617762396
750,750,True,True,True,True,1.0,0.8974206447601318,21,0.6572327044025157,528.0965750172644
751,751,True,True,True,True,1.0,0.9146333336830139,19,0.9448742746615088,647.0494331069514
752,752,True,True,True,True,1.0,0.9351277947425842,13,0.8685446009389671,219.5128819073926
753,753,True,True,True,True,1.0,0.8980873227119446,25,0.610079575596817,821.0665460493635
754,754,False,True,True,True,0.6515867656988521,0.8654723167419434,19,0.6515867656988521,507.85494776217683
755,755,True,True,True,True,1.0,0.8966425061225891,33,0.925,1098.013336850672
756,756,True,True,True,True,1.0,0.8934297561645508,28,0.8529819694868238,783.5892786343044
757,757,True,True,True,True,1.0,0.9348604083061218,24,0.9798792756539235,726.2608026586753
758,758,True,True,True,True,1.0,0.87516188621521,21,0.930062630480167,572.7662553369746
759,759,True,True,True,True,1.0,0.7648000717163086,21,0.7962382445141066,725.6785399542862
760,760,True,True,True,True,1.0,0.8981518745422363,26,0.9790996784565916,708.2529993051123
761,761,True,True,True,True,1.0,0.9575579762458801,15,0.9715099715099715,300.81692104857575
762,762,False,False,False,False,0.6623883928571429,0.8329699635505676,26,0.598404255319149,804.3219335022271
763,763,False,True,True,True,0.7508108108108108,0.9104002118110657,27,0.9810860280658938,985.5959810009715
764,764,False,False,False,False,0.7200538358008075,0.9209364056587219,24,0.5676352705410822,868.6498501663026
765,765,True,True,True,True,1.0,0.9099811911582947,14,0.88420245398773,487.5630347364688
766,766,True,True,True,True,1.0,0.9072468876838684,22,0.99609375,671.4745134783159
767,767,True,True,True,True,1.0,0.8769999146461487,27,0.9845697329376855,796.1629109691996
768,768,True,True,True,True,1.0,0.8653032183647156,13,0.7694656488549618,318.20156003747087
769,769,True,True,True,True,1.0,0.88031005859375,17,0.820631970260223,455.7327263355815
770,770,True,True,True,True,1.0,0.8976526260375977,25,0.6054721977052074,660.3841302785556
771,771,True,True,True,True,1.0,0.8502516746520996,20,0.9696969696969697,526.6048403884491
772,772,False,False,True,True,0.7848101265822784,0.8624046444892883,22,0.7848101265822784,801.9086926143272
773,773,True,True,True,True,1.0,0.9314818382263184,32,0.9861495844875346,1158.1707742632536
774,774,False,False,False,False,0.5377421509686039,0.8593009114265442,22,0.6037371134020618,991.7074876546023
775,775,True,True,True,True,1.0,0.9262424111366272,31,0.9655405405405405,1203.2187284838226
776,776,False,False,False,False,0.47996794871794873,0.8290464282035828,23,0.4908946951702296,563.8949424072244
777,777,True,True,True,True,1.0,0.8556739687919617,27,0.9684487291849255,879.9206284160656
778,778,True,True,True,True,1.0,0.8672075867652893,9,0.7319884726224783,128.919684538544
779,779,True,True,True,True,1.0,0.8857707381248474,12,0.8699690402476781,255.86732816458755
780,780,True,True,True,True,1.0,0.9116864204406738,29,0.9401913875598086,856.4966120190758
781,781,True,True,True,True,1.0,0.813391387462616,19,0.5763157894736842,483.10799415501407
782,782,True,True,True,True,1.0,0.8483619689941406,23,0.9893333333333333,910.5763182510523
783,783,False,False,False,False,0.5815286624203821,0.8243533968925476,31,0.5925349922239502,1393.170035153977
784,784,True,True,True,True,1.0,0.8862683176994324,23,0.884742041712404,852.1658068370504
785,785,True,True,True,True,1.0,0.8932008147239685,21,0.5792563600782779,785.0484753592324
786,786,True,True,True,True,1.0,0.9120230078697205,14,0.8754863813229572,322.323372337454
787,787,True,True,True,True,1.0,0.8989202380180359,31,0.9437354988399071,1054.708236793328
788,788,True,True,True,True,1.0,0.9097988605499268,29,0.9472111553784861,1005.5135079061256
789,789,False,False,False,False,0.45582329317269077,0.8475539088249207,20,0.5330296127562643,823.0074248445177
790,790,True,True,True,True,1.0,0.8986496925354004,33,0.968236582694414,1028.5771770125991
791,791,True,True,True,True,1.0,0.8991199135780334,9,0.75,139.89342114105557
792,792,False,True,True,True,0.38858695652173914,0.7143791317939758,14,0.1638418079096045,283.2438592039191
793,793,False,True,True,True,0.9210950080515298,0.894642174243927,30,0.9363784665579119,694.6021582046693
794,794,True,True,True,True,1.0,0.9256626963615417,18,0.9329102447869447,586.5103150202975
795,795,True,True,True,True,1.0,0.8936150074005127,16,0.9441233140655106,354.2766641820712
796,796,False,False,False,False,0.7209136331192005,0.8760921359062195,19,0.645016077170418,538.1922662571395
797,797,True,True,True,True,1.0,0.9081149697303772,27,0.9843962008141113,781.5129837125126
798,798,True,True,True,True,1.0,0.9203228950500488,20,0.7340909090909091,550.1268535365518
799,799,False,False,False,False,0.6636038795303726,0.6894457936286926,27,0.776,1087.7311119679284
800,800,True,True,True,True,1.0,0.8567405343055725,32,0.9933694996986137,1195.7782672034746
801,801,True,True,True,True,1.0,0.899432897567749,12,0.7402597402597403,106.40620687739316
802,802,True,True,True,True,1.0,0.9215216636657715,17,0.9565217391304348,415.9925013399086
803,803,True,True,True,True,1.0,0.9159119725227356,29,0.8792270531400966,1148.8034935032235
804,804,True,True,True,True,1.0,0.8769925236701965,23,0.974726200505476,789.7243891730828
805,805,True,True,True,True,1.0,0.8717781901359558,24,0.889273356401384,929.6076244782269
806,806,True,True,True,True,1.0,0.8952034115791321,24,0.44481605351170567,737.8041102661554
807,807,True,True,True,True,1.0,0.942371129989624,18,0.9015384615384615,266.1573917227327
808,808,True,True,True,True,1.0,0.926262378692627,25,0.9722901385493072,769.1983929800646
809,809,False,False,False,False,0.5779114270092947,0.7268795967102051,30,0.6600306278713629,1089.047918048498
810,810,True,True,True,True,1.0,0.8263948559761047,19,0.9755859375,382.9850399973725
811,811,True,True,True,True,1.0,0.9302056431770325,15,0.8778625954198473,557.2860541028068
812,812,True,True,True,True,1.0,0.9226850867271423,23,0.9585921325051759,790.6886591020381
813,813,True,True,True,True,1.0,0.9250832200050354,26,0.9785992217898832,944.039748358181
814,814,True,True,True,True,1.0,0.9298446774482727,16,0.9732016925246827,404.9710779511588
815,815,True,True,True,True,1.0,0.8771657943725586,27,0.9311094996374184,912.070383368411
816,816,True,True,True,True,1.0,0.8718261122703552,22,0.9905493207324276,913.8957066576907
817,817,True,True,True,True,1.0,0.9180364608764648,13,0.9529411764705882,163.55279339565334
818,818,True,True,True,True,1.0,0.931929886341095,32,0.9363128491620112,853.4574678381783
819,819,True,True,True,True,1.0,0.9358698725700378,16,0.9974358974358974,515.5134801782334
820,820,True,True,True,True,1.0,0.9098532795906067,34,0.9613259668508287,1123.3097902424322
821,821,True,True,True,True,1.0,0.8784844875335693,21,0.9560185185185185,546.1493499439013
822,822,True,True,True,True,1.0,0.8546436429023743,19,0.8335158817086528,584.6930845761613
823,823,True,True,True,True,1.0,0.9203817248344421,27,0.8568075117370892,961.7233960674565
824,824,True,True,True,True,1.0,0.8824949264526367,13,0.8617571059431525,314.6554447774625
825,825,False,True,True,True,0.751432664756447,0.8945476412773132,31,0.981101068200493,1146.4016444640376
826,826,False,True,True,True,0.8080495356037152,0.8409810066223145,24,0.4921875,751.0836119423528
827,827,False,False,False,False,0.7546798029556651,0.9075767397880554,33,0.45569620253164556,779.4205369741054
828,828,True,True,True,True,1.0,0.9055206775665283,32,0.850735294117647,1096.8563363478231
829,829,True,True,True,True,1.0,0.9029043316841125,20,0.9498956158663883,690.8779897536325
830,830,True,True,True,True,1.0,0.9327068328857422,28,0.9122681883024251,1030.9093230988717
831,831,False,True,True,True,0.9731917046029337,0.8557310700416565,35,0.9964120963608406,1707.376540652972
832,832,False,True,True,True,0.7501597444089457,0.8742033839225769,31,0.6574267782426778,1340.1269658860656
833,833,True,True,True,True,1.0,0.8723686337471008,15,0.8404494382022472,355.27566688695373
834,834,False,False,False,False,0.5889502762430939,0.7512670159339905,25,0.6417604912998977,994.1303531638546
835,835,True,True,True,True,1.0,0.8898900151252747,20,0.9336099585062241,620.6289283498221
836,836,True,True,True,True,1.0,0.8942182064056396,28,0.9822525597269625,1092.4864671753774
837,837,False,False,False,False,0.8127156234598324,0.8149495124816895,29,0.8015794669299111,1281.4233553964752
838,838,True,True,True,True,1.0,0.8980072140693665,23,0.9680851063829787,696.0361834966216
839,839,True,True,True,True,1.0,0.8812869191169739,25,0.9889624724061811,742.1065274910521
840,840,True,True,True,True,1.0,0.8771214485168457,32,0.9857752489331437,1083.4177867803446
841,841,True,True,True,True,1.0,0.8529908061027527,14,0.7021660649819494,377.0747455887142
842,842,True,True,True,True,1.0,0.8069934844970703,13,0.8458445040214477,511.0490520651429
843,843,True,True,True,True,1.0,0.8598175644874573,15,0.9694423223834988,493.6064431773597
844,844,True,True,True,True,1.0,0.8517869114875793,16,0.9745508982035929,382.6909137493687
845,845,True,True,True,True,1.0,0.8709478378295898,25,0.9475409836065574,1035.0046251891645
846,846,True,True,True,True,1.0,0.8846297860145569,16,0.9683481701285855,443.3460824574985
847,847,True,True,True,True,1.0,0.8891833424568176,9,0.7416974169741697,224.29788705001033
848,848,True,True,True,True,1.0,0.9244142174720764,13,0.9329896907216495,253.44812008925533
849,849,True,True,True,True,1.0,0.9337220191955566,27,0.9890016920473773,1019.8070741274187
850,850,True,True,True,True,1.0,0.9286447167396545,29,0.8519040902679831,937.1132186996256
851,851,True,True,True,True,1.0,0.884198009967804,29,0.9744408945686901,1006.5399178990697
852,852,True,True,True,True,1.0,0.8859716057777405,18,0.3286637931034483,529.2596077728405
853,853,True,True,True,True,1.0,0.865630567073822,14,0.8983286908077994,461.08997972579624
854,854,True,True,True,True,1.0,0.8966178894042969,22,0.7098623853211009,722.6708195249173
855,855,False,False,False,False,0.44482957827845176,0.7759985327720642,22,0.4391727493917275,817.2705533492613
856,856,True,True,True,True,1.0,0.7973911762237549,13,0.9247191011235955,433.352476659887
857,857,True,True,True,True,1.0,0.8813726305961609,18,0.8857395925597874,588.2947881447792
858,858,True,True,True,True,1.0,0.8471514582633972,20,0.9864712514092446,467.42647967716965
859,859,True,True,True,True,1.0,0.8716815114021301,32,0.9849377865094957,1285.4833180947758
860,860,True,True,True,True,1.0,0.8900348544120789,16,0.9343696027633851,398.9710779511589
861,861,True,True,True,True,1.0,0.9177221655845642,17,0.6635021097046413,403.1403062622705
862,862,True,True,True,True,1.0,0.8860042691230774,23,0.9563953488372093,902.2350256495421
863,863,True,True,True,True,1.0,0.9247056841850281,23,0.4303534303534304,575.6294719097823
864,864,True,True,True,True,1.0,0.9116430282592773,14,0.892459826946848,395.2111492823123
865,865,False,True,True,True,0.7993031358885018,0.8757316470146179,24,0.951900698215671,911.0115296993989
866,866,True,True,True,True,1.0,0.9345905780792236,15,0.9422028353326063,397.06466188095976
867,867,True,True,True,True,1.0,0.8939347267150879,14,0.8497267759562842,291.69496835976435
868,868,False,False,False,False,0.5159198113207547,0.7821134924888611,26,0.49078341013824883,715.1057446974716
869,869,True,True,True,True,1.0,0.9004759788513184,32,0.9664705882352941,1173.857326969163
870,870,True,True,True,True,1.0,0.9202682375907898,13,0.7024539877300614,352.2424177353704
871,871,False,True,True,True,0.7020872865275142,0.8295285701751709,16,0.3753822629969419,530.6627454690159
872,872,True,True,True,True,1.0,0.9144068360328674,18,0.45528455284552843,578.0451574320451
873,873,False,False,False,False,0.408983451536643,0.6980800628662109,27,0.6864450127877237,848.4272243160995
874,874,True,True,True,True,1.0,0.9134820103645325,30,0.9858030168589175,891.3338710989681
875,875,False,False,False,False,0.5485074626865671,0.8462550044059753,17,0.6953316953316954,318.09227258016466
876,876,True,True,True,True,1.0,0.9020843505859375,29,0.9857357357357357,955.6868555150288
877,877,True,True,True,True,1.0,0.9298226237297058,16,0.8446601941747572,363.2815474162533
878,878,True,True,True,True,1.0,0.8913721442222595,30,0.5448536355051936,1000.4090626439462
879,879,False,True,True,True,0.6513157894736842,0.8459132313728333,20,0.48432760364004046,655.6804886228049
880,880,True,True,True,True,1.0,0.8573708534240723,14,0.9338842975206612,385.9769658313049
881,881,True,True,True,True,1.0,0.9277365803718567,28,0.9892086330935251,825.9213954027784
882,882,False,False,False,False,0.5667908461947845,0.7420156598091125,22,0.7417417417417418,734.7426427263267
883,883,True,True,True,True,1.0,0.9123730063438416,20,0.9788418708240535,518.2735643335866
884,884,True,True,True,True,1.0,0.8920698165893555,24,0.9334733893557423,1085.6080772701928
885,885,True,True,True,True,1.0,0.888836145401001,14,0.8302845528455285,518.7514657886744
886,886,True,True,True,True,1.0,0.8786017298698425,20,0.9398148148148148,642.1515889251757
887,887,False,True,True,True,0.8893008474576272,0.9077643752098083,32,0.9632473944048272,1281.7263833746474
888,888,True,True,True,True,1.0,0.896913468837738,24,0.9415637860082304,890.4919756818654
889,889,True,True,True,True,1.0,0.9724306464195251,17,0.9893617021276596,260.8841466481723
890,890,True,True,True,True,1.0,0.8927131295204163,34,0.9794661190965093,1414.3349276862007
891,891,True,True,True,True,1.0,0.8891348242759705,22,0.7853277209861695,818.4184901694919
892,892,True,True,True,True,1.0,0.9285969734191895,16,0.9227642276422764,282.19937490806194
893,893,True,True,True,True,1.0,0.8679807782173157,25,0.930898321816387,892.6956307426595
894,894,False,True,True,True,0.8254364089775561,0.7656800150871277,29,0.9911202185792349,903.6253253050025
895,895,True,True,True,True,1.0,0.8645426630973816,8,0.75,98.60179219723159
896,896,True,True,True,True,1.0,0.9201110005378723,24,0.7842778793418648,695.4587307377393
897,897,True,True,True,True,1.0,0.909485399723053,19,0.7401315789473685,637.8487633790621
898,898,True,True,True,True,1.0,0.9130086898803711,13,0.8225602027883396,303.00122507333003
899,899,True,True,True,True,1.0,0.8384738564491272,25,0.8577319587628865,891.8197618396946
900,900,False,True,True,True,0.638752052545156,0.8314620852470398,19,0.7915567282321899,652.4544810797163
901,901,True,True,True,True,1.0,0.8760092258453369,30,0.9870782483847811,1109.8351922907511
902,902,True,True,True,True,1.0,0.8921205997467041,7,0.9024390243902439,40.671034463057104
903,903,True,True,True,True,1.0,0.9002636075019836,27,0.6078838174273858,939.6906899800101
904,904,True,True,True,True,1.0,0.8372510075569153,18,0.7322485207100592,557.6730103519732
905,905,False,True,True,True,0.826530612244898,0.8592772483825684,22,0.9212598425196851,895.1704891468415
906,906,False,False,False,True,0.4614485981308411,0.8663522601127625,16,0.4342258440046566,425.7557415693456
907,907,True,True,True,True,1.0,0.8611004948616028,21,0.5346413243408952,975.3207831682689
908,908,True,True,True,True,1.0,0.8839214444160461,26,0.9935856318152662,1022.1834921368442
909,909,True,True,True,True,1.0,0.8695874810218811,15,0.971830985915493,227.77661841421016
910,910,True,True,True,True,1.0,0.916124165058136,24,0.9322555812163202,849.2456844813132
911,911,False,True,True,True,0.7449748743718593,0.8931260108947754,26,0.9246031746031746,1227.827348827233
912,912,True,True,True,True,1.0,0.9108818173408508,30,0.9493865030674846,1265.8095495903112
913,913,True,True,True,True,1.0,0.8888309597969055,17,0.8403225806451613,392.4961191275538
914,914,True,True,True,True,1.0,0.8956703543663025,35,0.9939919893190922,1318.7466469366384
915,915,True,True,True,True,1.0,0.9229952692985535,30,0.977027027027027,879.5653678735154
916,916,True,True,True,True,1.0,0.8797462582588196,27,0.6320501342882722,682.2735597411408
917,917,False,False,False,False,0.5870158210583742,0.7149648666381836,31,0.7178714859437751,1183.0262866367138
918,918,True,True,True,True,1.0,0.9120176434516907,23,0.8996509598603839,635.2736466933019
919,919,True,True,True,True,1.0,0.9366338849067688,32,0.8851063829787233,1187.5747234000664
920,920,True,True,True,True,1.0,0.9200296401977539,11,0.8293172690763052,325.5993224468667
921,921,False,True,True,True,0.6019867549668875,0.8411262035369873,25,0.9716363636363636,898.5327162116987
922,922,True,True,True,True,1.0,0.9127233028411865,13,0.9083557951482479,389.37292024010196
923,923,True,True,True,True,1.0,0.910904586315155,15,0.9854771784232366,397.73235938432526
924,924,True,True,True,True,1.0,0.910243809223175,15,0.9237749546279492,584.6101804904074
925,925,True,True,True,True,1.0,0.842795193195343,23,0.970125786163522,652.7738976432676
926,926,True,True,True,True,1.0,0.9107314944267273,15,0.74375,296.6640795600689
927,927,True,True,True,True,1.0,0.9155381321907043,24,0.9618473895582329,701.5491068521926
928,928,True,True,True,True,1.0,0.9471468925476074,12,0.5667655786350149,147.85263754543286
929,929,False,True,True,True,0.9053876478318003,0.8774217963218689,26,0.81640625,982.2349059947936
930,930,True,True,True,True,1.0,0.872707188129425,23,0.9418604651162791,697.5718798669932
931,931,True,True,True,True,1.0,0.8104256987571716,10,0.777262180974478,259.67965837655686
932,932,False,False,False,False,0.7199597787833082,0.6698508262634277,26,0.7389112903225806,865.8142141939265
933,933,False,True,True,True,0.8057455540355677,0.8914867043495178,29,0.9605263157894737,1040.8871218642455
934,934,True,True,True,True,1.0,0.9326081275939941,31,0.9694189602446484,907.3875021695239
935,935,True,True,True,True,1.0,0.9107043743133545,22,0.9110169491525424,662.2874156146992
936,936,True,True,True,True,1.0,0.8464104533195496,16,0.9197431781701445,316.7670432438673
937,937,True,True,True,True,1.0,0.8754326701164246,27,0.909542195256481,842.0643408759729
938,938,True,True,True,True,1.0,0.9228241443634033,27,0.9345854922279793,962.8381661264934
939,939,False,True,True,True,0.9095966620305981,0.8538530468940735,23,0.9136394790952708,963.3589065541776
940,940,True,True,True,True,1.0,0.9146990180015564,32,0.9456625357483317,1147.8025727711042
941,941,True,True,True,True,1.0,0.8971081376075745,18,0.43669250645994834,647.2850253679019
942,942,False,False,False,False,0.7806191117092867,0.8792238831520081,28,0.588048651507139,1031.3995480945448
943,943,True,True,True,True,1.0,0.9308002591133118,25,0.9294117647058824,677.7581082452708
944,944,False,True,True,True,0.8021523178807947,0.7765938639640808,28,0.6248206599713056,1061.013735457254
945,945,True,True,True,True,1.0,0.9097930788993835,11,0.7892271662763466,137.64737584844357
946,946,True,True,True,True,1.0,0.9283096194267273,23,0.8257940327237728,744.3508700863298
947,947,True,True,True,True,1.0,0.8904516696929932,22,0.9236583522297808,597.6955104275896
948,948,True,True,True,True,1.0,0.8582490086555481,23,0.6778983438035409,647.2533799640017
949,949,True,True,True,True,1.0,0.8784690499305725,12,0.9472140762463344,250.56810563069448
950,950,True,True,True,True,1.0,0.8956108689308167,11,0.9358974358974359,137.51770940319489
951,951,False,False,False,False,0.9277474195506983,0.8803394436836243,26,0.9277474195506983,897.6807955374186
952,952,True,True,True,True,1.0,0.8977468609809875,20,0.6472727272727272,795.4227792424292
953,953,True,True,True,True,1.0,0.9033182263374329,15,0.7371695178849145,507.4839272222681
954,954,True,True,True,True,1.0,0.8540053367614746,17,0.8075253256150506,542.6677364511717
955,955,True,True,True,True,1.0,0.8728516101837158,11,0.8764705882352941,193.97752353949224
956,956,False,False,False,False,0.524266027561414,0.8334570527076721,28,0.6606198034769464,1052.3652353959023
957,957,True,True,True,True,1.0,0.9218635559082031,22,0.8700787401574803,602.1046182120276
958,958,True,True,True,True,1.0,0.9340352416038513,18,0.8053333333333333,536.7595690452015
959,959,True,True,True,True,1.0,0.8961980938911438,21,0.9694055944055944,786.0839169685988
960,960,True,True,True,True,1.0,0.9048493504524231,18,0.968978102189781,500.2977111302938
961,961,True,True,True,True,1.0,0.889839231967926,21,0.9661885245901639,649.1183289461125
962,962,True,True,True,True,1.0,0.8789100646972656,17,0.9585921325051759,417.2118100829604
963,963,True,True,True,True,1.0,0.9174123406410217,23,0.9762100082034455,715.9777185243012
964,964,False,False,False,False,0.732545045045045,0.6389371752738953,32,0.8011730205278592,979.901691315795
965,965,True,True,True,True,1.0,0.9059578776359558,33,0.9478021978021978,1068.589872370872
966,966,True,True,True,True,1.0,0.9152374267578125,19,0.8260869565217391,539.8318493224938
967,967,True,True,True,True,1.0,0.8468095660209656,17,0.9620018535681186,491.9486493151155
968,968,True,True,True,True,1.0,0.8983898758888245,15,0.9757225433526011,428.6757194003393
969,969,True,True,True,True,1.0,0.8494895100593567,19,0.9209558823529411,568.0377936809936
970,970,False,False,False,False,0.4867601246105919,0.7763025164604187,25,0.38898163606010017,697.3956575094135
971,971,True,True,True,True,1.0,0.9166532158851624,27,0.9861265260821309,1118.523696684174
972,972,False,True,True,True,0.9958604376108812,0.8648621439933777,31,0.9988137603795967,1124.6437571427443
973,973,True,True,True,True,1.0,0.9385022521018982,33,0.8906510851419032,1407.6602886490764
974,974,False,False,False,False,0.5980338612779902,0.7951211929321289,21,0.6775184275184275,797.7345113271242
975,975,False,True,True,True,0.907809747504404,0.8944203853607178,26,0.977818853974122,689.342297974226
976,976,True,True,True,True,1.0,0.8739097714424133,22,0.8391660461653015,740.4110445205903
977,977,False,True,True,True,0.9128686327077749,0.8408992886543274,28,0.8161252900232019,901.9168602527841
978,978,True,True,True,True,1.0,0.9009097218513489,19,0.8515864892528148,454.45883819146025
979,979,True,True,True,True,1.0,0.9180102348327637,33,0.9657370517928286,1060.6476368652209
980,980,False,True,True,True,0.935672514619883,0.8749117851257324,20,0.7435697583787997,609.6419984605117
981,981,True,True,True,True,1.0,0.9125723838806152,25,0.7449567723342939,626.0613051774699
982,982,True,True,True,True,1.0,0.9295222163200378,12,0.8275109170305677,304.7069310172286
983,983,True,True,True,True,1.0,0.9053400158882141,25,0.5723226703755215,814.639472621438
984,984,True,True,True,True,1.0,0.8338068127632141,15,0.9661214953271028,449.63290369291343
985,985,True,True,True,True,1.0,0.8926826119422913,16,0.8305555555555556,300.703787110121
986,986,True,True,True,True,1.0,0.8712785840034485,23,0.9781167108753316,986.6442984390864
987,987,True,True,True,True,1.0,0.9290701746940613,20,0.6969001148105626,652.0264902860007
988,988,True,True,True,True,1.0,0.9086635112762451,28,0.9969879518072289,1321.1062051519714
989,989,True,True,True,True,1.0,0.9166327118873596,30,0.9574984820886461,1008.6901245958222
990,990,True,True,True,True,1.0,0.9478759765625,26,0.9921708185053381,711.2594971455062
991,991,True,True,True,True,1.0,0.9202005863189697,16,0.967948717948718,451.2782765564959
992,992,True,True,True,True,1.0,0.9155049324035645,16,0.8898678414096917,317.64199945095794
993,993,False,True,True,True,0.8096935138987883,0.9179811477661133,28,0.9615384615384616,1142.5795376809324
994,994,True,True,True,True,1.0,0.9225430488586426,26,0.9694050991501416,917.6578262314166
995,995,True,True,True,True,1.0,0.9323157668113708,26,0.7652388797364086,724.4221484787079
996,996,True,True,True,True,1.0,0.9287105202674866,24,0.9184430027803522,697.6649903450676
997,997,True,True,True,True,1.0,0.9174885749816895,21,0.967741935483871,765.5824336344882
998,998,False,True,True,True,0.7025796661608498,0.8651320934295654,20,0.9372990353697749,691.8880319110799
999,999,False,True,True,True,0.6698689956331878,0.8730654716491699,19,0.8493427704752275,467.75892297720276
1000,1000,True,True,True,True,1.0,0.8517284989356995,11,0.7660455486542443,277.3882381251609
