smiles,canonical_smiles,sascore,unique_hydrogens,unique_carbons,ir_similarity,cnmr_similarity,hnmr_similarity,similarity,sum_of_similarities,cnmr_ir_similarity,ir_hnmr_similarity,cnmr_hnmr_similarity,tanimoto
CC1(CCOC1)S(=O)(=O)C2=CC=CC(=C2)C(F)(F)F,CC1(S(=O)(=O)c2cccc(C(F)(F)F)c2)CCOC1,3.143707670552473,8,12,0.7470623254776001,0.34684500098228455,-0.09559702128171921,0.4285852313041687,0.9983103051781654,0.5624776482582092,0.4115927815437317,0.22973458468914032,0.9316770186335404
CC(C)(C(=O)OC)S(=O)C1=CC=CC(=C1)C(F)(F)F,COC(=O)C(C)(C)S(=O)c1cccc(C(F)(F)F)c1,3.1873394555741745,6,11,0.683014452457428,0.2303958684206009,0.02892063558101654,0.429917573928833,0.9423309564590454,0.49766653776168823,0.4421771466732025,0.21615765988826752,0.6648648648648648
C1COCCC1S(=O)(=O)C2=CC=CC(=C2)C(F)(F)F,O=S(=O)(c1cccc(C(F)(F)F)c1)C1CCOCC1,2.271316103287832,7,10,0.7339026927947998,0.16657480597496033,0.016690734773874283,0.37259548902511597,0.9171682335436344,0.47694605588912964,0.45188188552856445,0.12581801414489746,0.8159509202453987
CC(=O)C(C)(C)S(=O)(=O)C1=CC=CC(=C1)C(F)(F)F,CC(=O)C(C)(C)S(=O)(=O)c1cccc(C(F)(F)F)c1,2.387434520447595,6,11,0.7717294692993164,0.18583446741104126,-0.07670040428638458,0.4442632794380188,0.8808635324239731,0.5403399467468262,0.476602166891098,0.13666139543056488,0.6966292134831461
CC(C)OC(=O)CS(=O)C1=CC=CC(=C1)C(F)(F)F,CC(C)OC(=O)CS(=O)c1cccc(C(F)(F)F)c1,2.9761993990592615,7,11,0.5695293545722961,0.2501871883869171,-0.007243894040584564,0.40353283286094666,0.8124726489186287,0.4577829837799072,0.3933876156806946,0.21110641956329346,0.5978260869565217
CC(C)C(C(=O)O)S(=O)C1=CC=CC(=C1)C(F)(F)F,CC(C)C(C(=O)O)S(=O)c1cccc(C(F)(F)F)c1,3.5922877922886354,8,11,0.6073950529098511,0.2954288721084595,-0.10382241755723953,0.3554561734199524,0.799001507461071,0.4811396598815918,0.3697263300418854,0.14020511507987976,0.6793478260869565
C1CCOC(C1)S(=O)(=O)C2=CC=CC(=C2)C(F)(F)F,O=S(=O)(c1cccc(C(F)(F)F)c1)C1CCCCO1,2.9336005351539356,9,12,0.6935614347457886,0.23646634817123413,-0.21776442229747772,0.34297192096710205,0.712263360619545,0.4819956123828888,0.36790335178375244,0.10140261054039001,0.6476683937823834
CC(C)(C(=O)O)S(=O)CC1=CC(=CC=C1)C(F)(F)F,CC(C)(C(=O)O)S(=O)Cc1cccc(C(F)(F)F)c1,3.134512140032573,7,11,0.4966430068016052,0.18259400129318237,0.02651706337928772,0.3422604501247406,0.7057540714740753,0.38386207818984985,0.3485497832298279,0.14936389029026031,0.35514018691588783
CC1=CC=C(C=C1)S(=O)(=O)C(=C)CC(C(F)(F)F)O,C=C(CC(O)C(F)(F)F)S(=O)(=O)c1ccc(C)cc1,3.133127524647957,7,10,0.2892153561115265,0.3795817494392395,0.018921947106719017,0.24925389885902405,0.687719052657485,0.3583647906780243,0.14628814160823822,0.2322959303855896,0.5219512195121951
CC(C)(C1CO1)S(=O)(=O)C2=CC=CC(=C2)C(F)(F)F,CC(C)(C1CO1)S(=O)(=O)c1cccc(C(F)(F)F)c1,3.0224289375207984,7,11,0.8979296088218689,0.051370441913604736,-0.2671217918395996,0.3717622458934784,0.682178258895874,0.5098810195922852,0.4891113042831421,-0.01880199834704399,1.0
C[C@@H](C(=O)O)OCCSC1=CC=CC(=C1)C(F)(F)F,C[C@H](OCCSc1cccc(C(F)(F)F)c1)C(=O)O,2.7379284850321106,9,12,0.48849576711654663,0.3769190311431885,-0.19630149006843567,0.3088170289993286,0.6691133081912994,0.4401055872440338,0.2108042687177658,0.19017180800437927,0.48404255319148937
C[C@H](C(=O)O)OCCSC1=CC=CC(=C1)C(F)(F)F,C[C@@H](OCCSc1cccc(C(F)(F)F)c1)C(=O)O,2.7379284850321106,9,12,0.4861829876899719,0.368937611579895,-0.19373220205307007,0.3071035146713257,0.6613883972167969,0.43634232878685,0.2106766253709793,0.1869727522134781,0.48404255319148937
CSC1=CC=CC(=C1C(=O)O)OCCCC(F)(F)F,CSc1cccc(OCCCC(F)(F)F)c1C(=O)O,2.4134987172801736,8,12,0.11145758628845215,0.41977083683013916,0.12529495358467102,0.2619321942329407,0.6565233767032623,0.24487432837486267,0.1759997308254242,0.32858166098594666,0.275
CC(C(=O)O)OCCSC1=CC=CC(=C1)C(F)(F)F,CC(OCCSc1cccc(C(F)(F)F)c1)C(=O)O,2.7379284850321106,9,12,0.4585629105567932,0.3422694206237793,-0.19364748895168304,0.2893163561820984,0.6071848422288895,0.42000558972358704,0.1908169388771057,0.16464413702487946,0.48404255319148937
CC1=C(C=C(C=C1)S(=O)(=O)OC)C2(CC2)C(F)(F)F,COS(=O)(=O)c1ccc(C)c(C2(C(F)(F)F)CC2)c1,2.832228849332994,6,11,0.5264809131622314,0.05719396471977234,0.017758134752511978,0.22188380360603333,0.6014330126345158,0.2941446006298065,0.2692606747150421,0.08518217504024506,0.2697095435684647
C1C(CC1S(=O)(=O)C2=CC=CC(=C2)C(F)(F)F)CO,O=S(=O)(c1cccc(C(F)(F)F)c1)C1CC(CO)C1,2.39324863583221,9,11,0.7042413353919983,0.001592515967786312,-0.11527270823717117,0.2502425014972687,0.5905611431226134,0.3560027480125427,0.3842196762561798,-0.02491701766848564,0.793939393939394
CC1=CC(=CC(=C1OCCSC(F)(F)F)C)C(=O)O,Cc1cc(C(=O)O)cc(C)c1OCCSC(F)(F)F,2.409310174293747,5,9,0.2248978465795517,0.40562236309051514,-0.040084950625896454,0.3156324028968811,0.5904352590441704,0.32963329553604126,0.22120937705039978,0.2715988755226135,0.18181818181818182
CC1=CC(=C(C=C1)S(=O)(=O)OC2(CC2)C(F)(F)F)C,Cc1ccc(S(=O)(=O)OC2(C(F)(F)F)CC2)c(C)c1,2.7949798697411588,6,11,0.46005576848983765,0.1754854917526245,-0.045174986124038696,0.21172626316547394,0.5903662741184235,0.31409576535224915,0.22472652792930603,0.10881875455379486,0.29831932773109243
CC1=CC(=C(C=C1)S(=O)(=O)OC)C2(CC2)C(F)(F)F,COS(=O)(=O)c1ccc(C)cc1C1(C(F)(F)F)CC1,2.8851296342623503,6,11,0.4115145802497864,0.03190377354621887,0.1438782960176468,0.2022770643234253,0.587296649813652,0.22545267641544342,0.2596481144428253,0.12286552786827087,0.2550607287449393
CC1=CC=C(C=C1)S(=O)(=O)OC/C=C(\C)/C(F)(F)F,C/C(=C\COS(=O)(=O)c1ccc(C)cc1)C(F)(F)F,2.596540635832209,6,10,0.430992066860199,0.21459248661994934,-0.0718875452876091,0.24952274560928345,0.5736970081925392,0.34083282947540283,0.20937004685401917,0.143784299492836,0.3076923076923077
CC(C)C(=O)CS(=O)(=O)C1=CC=CC(=C1)C(F)(F)F,CC(C)C(=O)CS(=O)(=O)c1cccc(C(F)(F)F)c1,2.3036731193486926,7,11,0.6589109897613525,-0.04943520203232765,-0.06770947575569153,0.2770220637321472,0.5417663119733334,0.37273311614990234,0.40796753764152527,-0.05617561191320419,0.6460674157303371
CC1=CC=CC=C1C(=C(C)OS(=O)(=O)C(F)(F)F)C,CC(OS(=O)(=O)C(F)(F)F)=C(C)c1ccccc1C,2.70472837837538,7,12,0.22774852812290192,0.23288124799728394,0.07952930778265,0.12544743716716766,0.5401590839028358,0.1696075201034546,0.12958428263664246,0.18060743808746338,0.18461538461538463
C1CC1C(CS(=O)(=O)C2=CC=CC(=C2)C(F)(F)F)O,O=S(=O)(CC(O)C1CC1)c1cccc(C(F)(F)F)c1,2.787404322136183,9,11,0.6546695828437805,0.2122332900762558,-0.34241944551467896,0.2603484094142914,0.5244834274053574,0.42286914587020874,0.26704925298690796,0.03332311287522316,0.8083832335329342
CC1=CC=C(C=C1)S(=O)(=O)OC(C(=C(C)C)F)(F)F,CC(C)=C(F)C(F)(F)OS(=O)(=O)c1ccc(C)cc1,2.8182950973706724,4,9,0.481661319732666,0.18051040172576904,-0.14831097424030304,0.20751667022705078,0.513860747218132,0.31406450271606445,0.1866745501756668,0.11203980445861816,0.2648221343873518
C1CC(OC1)C(C(F)S(=O)(=O)C2=CC=CC=C2)(F)F,O=S(=O)(c1ccccc1)C(F)C(F)(F)C1CCCO1,3.485040799171861,8,10,0.4970294237136841,0.12621988356113434,-0.10951707512140274,0.2082534283399582,0.5137322321534157,0.2977766990661621,0.27154216170310974,0.061001427471637726,0.4434782608695652
C1C(CC1O)CS(=O)(=O)C2=CC=CC(=C2)C(F)(F)F,O=S(=O)(CC1CC(O)C1)c1cccc(C(F)(F)F)c1,2.3583286358322084,9,11,0.5964342355728149,0.0779518261551857,-0.16160230338573456,0.2586590349674225,0.5127837583422661,0.36226290464401245,0.3102838695049286,0.022928157821297646,0.7485029940119761
C1CC(CC1O)S(=O)(=O)C2=CC=CC(=C2)C(F)(F)F,O=S(=O)(c1cccc(C(F)(F)F)c1)C1CCC(O)C1,3.0775435315073985,10,12,0.6784690618515015,0.10552924871444702,-0.290233314037323,0.26644018292427063,0.4937649965286255,0.4212166368961334,0.3174103796482086,-0.023284511640667915,0.7975460122699386
CCC(=O)C(C)S(=O)(=O)C1=CC=CC(=C1)C(F)(F)F,CCC(=O)C(C)S(=O)(=O)c1cccc(C(F)(F)F)c1,2.762268183988617,8,12,0.7504044771194458,0.0006020180881023407,-0.25910449028015137,0.30008137226104736,0.4919020049273968,0.43340590596199036,0.4286125898361206,-0.07711417973041534,0.6574585635359116
CC(C)C(C=O)S(=O)(=O)C1=CC=C(C=C1)C(F)(F)F,CC(C)C(C=O)S(=O)(=O)c1ccc(C(F)(F)F)cc1,2.9787287805349276,6,9,0.4796234965324402,0.200716033577919,-0.19211184978485107,0.2265966236591339,0.4882276803255081,0.36161336302757263,0.2203313708305359,0.05467388033866882,0.672316384180791
CC(=CCOS(=O)(=O)C1=CC=C(C=C1)C(F)(F)F)C,CC(C)=CCOS(=O)(=O)c1ccc(C(F)(F)F)cc1,2.362964328139901,5,9,0.41863447427749634,0.2701997458934784,-0.20614218711853027,0.24559356272220612,0.48269203305244446,0.33506840467453003,0.17327654361724854,0.1596568077802658,0.3864734299516908
CCCC(=O)CS(=O)(=O)C1=CC=CC(=C1)C(F)(F)F,CCCC(=O)CS(=O)(=O)c1cccc(C(F)(F)F)c1,2.2445326358322095,8,12,0.4807370901107788,0.06500695645809174,-0.06482242792844772,0.25690776109695435,0.4809216186404228,0.34688064455986023,0.29324033856391907,0.014759577810764313,0.6187845303867403
CC1=CC=C(C=C1)S(=O)(=O)OCCC(=C)C(F)(F)F,C=C(CCOS(=O)(=O)c1ccc(C)cc1)C(F)(F)F,2.653559097370671,6,10,0.44248121976852417,0.13627640902996063,-0.0989915281534195,0.19305215775966644,0.4797661006450653,0.2860015034675598,0.2097519338130951,0.05759808421134949,0.3257918552036199
C1=C(SC=C1/C=C/C(=O)O)COCCCC(F)(F)F,O=C(O)/C=C/c1csc(COCCCC(F)(F)F)c1,2.7207968725185996,9,12,0.00539094302803278,0.3374563753604889,0.13681833446025848,0.17218834161758423,0.47966565284878016,0.19375590980052948,0.04749499261379242,0.2571141719818115,0.1889763779527559
C1=CSC(=C1/C=C/C(=O)O)COCCCC(F)(F)F,O=C(O)/C=C/c1ccsc1COCCCC(F)(F)F,2.7536521979623867,9,12,0.036488406360149384,0.3478589355945587,0.09508351981639862,0.1853119134902954,0.4794308617711067,0.22682495415210724,0.05881194770336151,0.23551373183727264,0.183206106870229
CC1(CC1)CS(=O)(=O)C2=CC=CC(=C2)OC(F)(F)F,CC1(CS(=O)(=O)c2cccc(OC(F)(F)F)c2)CC1,2.5654809435245163,7,11,0.6378672122955322,0.12335677444934845,-0.29063189029693604,0.22237585484981537,0.47059209644794464,0.36264604330062866,0.2707630395889282,0.01801672950387001,0.4720812182741117
CC(=O)SCC(C(C1=CC(=CC=C1)C(F)(F)F)O)O,CC(=O)SCC(O)C(O)c1cccc(C(F)(F)F)c1,3.283117757751743,10,12,0.4797520041465759,-0.08851610869169235,0.06730794906616211,0.19488054513931274,0.4585438445210457,0.2151927798986435,0.3486725986003876,-0.04799780994653702,0.29596412556053814
CC1=CC=C(C=C1)S(=O)(=O)OCC/C=C\C(F)(F)F,Cc1ccc(S(=O)(=O)OCC/C=C\C(F)(F)F)cc1,2.560398264791486,7,10,0.4043397903442383,0.17150957882404327,-0.12352979928255081,0.19265075027942657,0.45231956988573074,0.30194106698036194,0.16785144805908203,0.07130353152751923,0.30414746543778803
CC1=CC=C(C=C1)S(=O)(=O)OCC/C=C/C(F)(F)F,Cc1ccc(S(=O)(=O)OCC/C=C/C(F)(F)F)cc1,2.560398264791486,7,10,0.4468076229095459,0.13297908008098602,-0.13319963216781616,0.19196124374866486,0.44658707082271576,0.29536333680152893,0.19399231672286987,0.04589968919754028,0.30414746543778803
CC1=CC=C(C=C1)S(=O)(=O)OCC=C(C)C(F)(F)F,CC(=CCOS(=O)(=O)c1ccc(C)cc1)C(F)(F)F,2.596540635832209,6,10,0.42998936772346497,0.08907020092010498,-0.08629588037729263,0.19980059564113617,0.4327636882662773,0.27265310287475586,0.20635491609573364,0.05693940445780754,0.3076923076923077
CC1=CC(=CC=C1)CS(=O)CC(C(=O)O)C(F)(F)F,Cc1cccc(CS(=O)CC(C(=O)O)C(F)(F)F)c1,3.4041719115978966,9,12,0.28579992055892944,-0.0037317872047424316,0.1488843560218811,0.1464071273803711,0.4309524893760681,0.17426887154579163,0.26041871309280396,-0.027852455154061317,0.26244343891402716
CC(C)C(=O)CC1=CC(=CC=C1)S(=O)(=O)C(F)(F)F,CC(C)C(=O)Cc1cccc(S(=O)(=O)C(F)(F)F)c1,2.288142821075537,7,11,0.5594666004180908,-0.11268027871847153,-0.021906496956944466,0.2162816971540451,0.4248798247426748,0.27393171191215515,0.33954405784606934,-0.04897099360823631,0.4174757281553398
COC(=O)CCCS(=O)C1=CC=CC(=C1)C(F)(F)F,COC(=O)CCCS(=O)c1cccc(C(F)(F)F)c1,2.866635272362428,8,12,0.4066447615623474,-0.042391642928123474,0.051498014479875565,0.16790811717510223,0.4157511331140995,0.22415727376937866,0.22927048802375793,0.0050178710371255875,0.6404494382022472
CC(C)C(=CC1=CC=CC=C1)OS(=O)(=O)C(F)(F)F,CC(C)C(=Cc1ccccc1)OS(=O)(=O)C(F)(F)F,2.6936824819860554,6,9,0.26216351985931396,0.10651420801877975,0.04269013926386833,0.1115853413939476,0.41136786714196205,0.15702390670776367,0.14404608309268951,0.08969168365001678,0.22083333333333333
CCCCC(=O)OC1=C(SC=C1C)C(=O)C(F)(F)F,CCCCC(=O)Oc1c(C)csc1C(=O)C(F)(F)F,2.74946586660144,6,12,0.015800829976797104,0.24065405130386353,0.1527785062789917,0.041133344173431396,0.40923338755965233,0.11551886796951294,-0.0019223885610699654,0.1364009976387024,0.14006514657980457
CC(CSC1=CC=CC(=C1)C(F)(F)F)(C(=O)OC)O,COC(=O)C(C)(O)CSc1cccc(C(F)(F)F)c1,2.865690475982337,8,12,0.45596998929977417,-0.02708333358168602,-0.02294883131980896,0.16446252167224884,0.4059378243982792,0.2282700538635254,0.22084639966487885,0.0038246111944317818,0.533678756476684
C1=C(SC(=C1)/C=C/C(=O)O)COCCCC(F)(F)F,O=C(O)/C=C/c1ccc(COCCCC(F)(F)F)s1,2.6494252748854645,9,12,-0.049399230629205704,0.32853060960769653,0.12002819776535034,0.14890429377555847,0.39915957674384117,0.1727675497531891,0.002899395301938057,0.24502751231193542,0.17928286852589642
CC(CC(=O)C)S(=O)(=O)C1=CC=CC(=C1)C(F)(F)F,CC(=O)CC(C)S(=O)(=O)c1cccc(C(F)(F)F)c1,2.7342424383057296,8,12,0.6694836020469666,-0.06754495203495026,-0.20829102396965027,0.24999085068702698,0.39364762604236603,0.3693673610687256,0.32735195755958557,-0.09123176336288452,0.68
CC(CS(=O)C1=CC=CC(=C1)C(F)(F)F)C(=O)OC,COC(=O)C(C)CS(=O)c1cccc(C(F)(F)F)c1,3.2595045269825116,8,12,0.567756175994873,-0.03841141611337662,-0.14847898483276367,0.1577139049768448,0.38086577504873276,0.2840592563152313,0.23873946070671082,-0.06744471937417984,0.6368715083798883
C1=CC(=CC(=C1)C(=O)C(F)(F)F)C(C(CCS)O)O,O=C(c1cccc(C(O)C(O)CCS)c1)C(F)(F)F,3.470730373136357,11,12,0.26613152027130127,0.09113249182701111,0.02213539369404316,0.1377178132534027,0.37939940579235554,0.17042851448059082,0.19278620183467865,0.04390644282102585,0.22127659574468084
CC(C)C(=C)OS(=O)(=O)C1=CC=C(C=C1)C(F)(F)F,C=C(OS(=O)(=O)c1ccc(C(F)(F)F)cc1)C(C)C,2.6284671538855857,5,9,0.4319511651992798,-0.014246651902794838,-0.04208128899335861,0.16553525626659393,0.37562322430312634,0.2296391874551773,0.2296118587255478,0.0034284908324480057,0.3813953488372093
C1=CC(=CC(=C1)SCCCOCC(F)(F)F)C(=O)O,O=C(O)c1cccc(SCCCOCC(F)(F)F)c1,2.2185702452996647,9,12,0.24293459951877594,0.20460298657417297,-0.07345110177993774,0.19731920957565308,0.37408648431301117,0.2565437853336334,0.13535639643669128,0.11850453913211823,0.40932642487046633
CC1=C(C=C(C=C1)SCCOCC(F)(F)F)C(=O)O,Cc1ccc(SCCOCC(F)(F)F)cc1C(=O)O,2.306486952574291,8,12,-0.10057941824197769,0.40220093727111816,0.07066286355257034,0.1636645793914795,0.3722843825817108,0.19185392558574677,-0.0243759173899889,0.2748306691646576,0.36318407960199006
CC(=C)CCOS(=O)(=O)C1=CC=C(C=C1)C(F)(F)F,C=C(C)CCOS(=O)(=O)c1ccc(C(F)(F)F)cc1,2.3817147896783624,6,10,0.3760828375816345,0.21790668368339539,-0.22726014256477356,0.18853992223739624,0.36672937870025635,0.2873094081878662,0.1308976411819458,0.1049264520406723,0.4057971014492754
CC(C)(C(=O)O)S(=O)CC1=CC=C(C=C1)C(F)(F)F,CC(C)(C(=O)O)S(=O)Cc1ccc(C(F)(F)F)cc1,3.1010440081644415,5,9,0.1436482071876526,0.2053837776184082,0.013348281383514404,0.17851439118385315,0.3623802661895752,0.2015267312526703,0.1067657470703125,0.15587586164474487,0.3584905660377358
CC1=CC=C(C=C1)SC(C(C(F)(F)F)O)OC(=O)C,CC(=O)OC(Sc1ccc(C)cc1)C(O)C(F)(F)F,3.3471091423671275,7,10,0.04676482081413269,0.23196804523468018,0.08311177045106888,0.11362159252166748,0.36184463649988174,0.11983131617307663,0.0826854258775711,0.15468765795230865,0.37272727272727274
COC1CC(C1)S(=O)(=O)C2=CC=CC(=C2)C(F)(F)F,COC1CC(S(=O)(=O)c2cccc(C(F)(F)F)c2)C1,2.4241283281399006,8,11,0.7727203369140625,-0.20885097980499268,-0.20424751937389374,0.19051381945610046,0.3596218377351761,0.3099279999732971,0.4041103422641754,-0.20968523621559143,0.8242424242424242
CCC(C(=O)O)S(=O)CC1=CC(=CC=C1)C(F)(F)F,CCC(C(=O)O)S(=O)Cc1cccc(C(F)(F)F)c1,3.3037429885209724,9,12,0.41724568605422974,0.05528206750750542,-0.11999069154262543,0.19648590683937073,0.3525370620191097,0.2794843316078186,0.2433713674545288,-0.020966747775673866,0.3686635944700461
CC1=CC(=CC2=C1OC(C2)(C)C)S(=O)(=O)C(F)(F)F,Cc1cc(S(=O)(=O)C(F)(F)F)cc2c1OC(C)(C)C2,2.7149575777474375,5,11,0.5031028389930725,-0.09410059452056885,-0.05674067139625549,0.142888605594635,0.35226157307624817,0.1668618619441986,0.2754393219947815,-0.02945343218743801,0.3728813559322034
CC(C(C)S(=O)C1=CC=CC(=C1)C(F)(F)F)C(=O)O,CC(C(=O)O)C(C)S(=O)c1cccc(C(F)(F)F)c1,3.621059480967631,9,12,0.6450378894805908,-0.007765218615531921,-0.2921239733695984,0.22678573429584503,0.3451486974954605,0.35716551542282104,0.33268672227859497,-0.10421565175056458,0.6836158192090396
CC(=O)SCCC(C(C1=C(C=C(C=C1F)F)F)O)O,CC(=O)SCCC(O)C(O)c1c(F)cc(F)cc1F,3.5298562192902034,8,10,0.10104764997959137,0.18709495663642883,0.05448291078209877,0.14848220348358154,0.342625517398119,0.1372886598110199,0.15384304523468018,0.12207525223493576,0.19183673469387755
C/C=C(\C)/COS(=O)(=O)C1=CC=C(C=C1)C(F)(F)F,C/C=C(\C)COS(=O)(=O)c1ccc(C(F)(F)F)cc1,2.5000218666014398,6,10,0.43549826741218567,0.13215991854667664,-0.23104648292064667,0.1839052140712738,0.33661170303821564,0.28568312525749207,0.17062516510486603,0.03588108718395233,0.3886255924170616
CC1=CC=C(C=C1)S(=O)(=O)OC[C@@H]2C[C@@H]2C(F)(F)F,Cc1ccc(S(=O)(=O)OC[C@@H]2C[C@@H]2C(F)(F)F)cc1,3.253175205715543,7,10,0.3132161498069763,0.18926669657230377,-0.16605892777442932,0.1851465255022049,0.33642391860485077,0.29599544405937195,0.10286137461662292,0.08126167207956314,0.33640552995391704
CCCC(C(=O)O)S(=O)C1=CC=CC(=C1)C(F)(F)F,CCCC(C(=O)O)S(=O)c1cccc(C(F)(F)F)c1,3.396764219290204,9,12,0.4867267906665802,0.06475093960762024,-0.22488442063331604,0.1954531967639923,0.3265933096408844,0.3224356472492218,0.23468497395515442,-0.06797251105308533,0.6559139784946236
CC(CC(=O)O)S(=O)CC1=CC(=CC=C1)C(F)(F)F,CC(CC(=O)O)S(=O)Cc1cccc(C(F)(F)F)c1,3.1487020654440494,9,12,0.39690959453582764,0.01508052833378315,-0.08945929259061813,0.1474722921848297,0.32253083027899265,0.2337399423122406,0.20271579921245575,-0.042146533727645874,0.3671497584541063
CC(C)C(=O)CS(=O)(=O)C1=CC=C(C=C1)C(F)(F)F,CC(C)C(=O)CS(=O)(=O)c1ccc(C(F)(F)F)cc1,2.2330464317505765,5,9,0.3712533712387085,0.04557798057794571,-0.1016557589173317,0.1599632054567337,0.3151755928993225,0.23772357404232025,0.19248957931995392,-0.004903893917798996,0.6348314606741573
COC(=O)[C@H]([C@@H](C1=CC=C(C=C1)C(F)(F)F)O)SC,COC(=O)[C@@H](SC)[C@H](O)c1ccc(C(F)(F)F)cc1,3.2397903731363575,7,10,0.2218630611896515,0.10164951533079147,-0.010232962667942047,0.10877031832933426,0.3132796138525009,0.14655299484729767,0.10849140584468842,0.08392368257045746,0.30131004366812225
CCOC(=O)C(C)S(=O)C1=CC=CC(=C1)C(F)(F)F,CCOC(=O)C(C)S(=O)c1cccc(C(F)(F)F)c1,3.2881134500594342,8,12,0.5838579535484314,-0.12379300594329834,-0.14716751873493195,0.2509293556213379,0.3128974288702011,0.3067553639411926,0.37025466561317444,-0.09382444620132446,0.6276595744680851
C=CC1=C(C=C(C=C1)C(C(F)(F)S(=O)O)F)C=C.O,C=Cc1ccc(C(F)C(F)(F)S(=O)O)cc1C=C.O,4.303393757751743,10,12,0.14388909935951233,-0.04969528317451477,0.2184981405735016,0.06999567896127701,0.31269195675849915,0.05037933215498924,0.11159288883209229,0.07459297776222229,0.18951612903225806
C1CC(COC1)S(=O)(=O)C2=CC=CC=C2C(F)(F)F,O=S(=O)(c1ccccc1C(F)(F)F)C1CCCOC1,2.8219073398876624,9,12,0.17431733012199402,0.2974235415458679,-0.16739928722381592,0.15169847011566162,0.304341584444046,0.2554554343223572,0.023902012035250664,0.15537434816360474,0.7909604519774012
C1CSCC(O1)C(C2=CC(=CC=C2)OC(F)(F)F)O,OC(c1cccc(OC(F)(F)F)c1)C1CSCCO1,3.5275950639926705,10,12,0.4196684956550598,0.08143486827611923,-0.1973433792591095,0.10825410485267639,0.30375998467206955,0.18086740374565125,0.20686712861061096,-0.0032876934856176376,0.2551440329218107
CC(C(=O)CC1=CC(=CC=C1)C(F)(F)F)S(=O)(=O)C,CC(C(=O)Cc1cccc(C(F)(F)F)c1)S(C)(=O)=O,2.7498885921518834,8,12,0.44082000851631165,-0.15406961739063263,0.012524503283202648,0.1756170392036438,0.29927489440888166,0.2153853178024292,0.26014888286590576,-0.06914521008729935,0.3459715639810427
CC(C)/C=C(/C1=CC=CC=C1)\OS(=O)(=O)C(F)(F)F,CC(C)/C=C(\OS(=O)(=O)C(F)(F)F)c1ccccc1,2.6888723281399027,6,9,0.22635111212730408,0.023424267768859863,0.041273511946201324,0.06899119168519974,0.29104889184236526,0.0971548855304718,0.12018536031246185,0.04213256388902664,0.21721311475409835
C1CC(C(C1)S(=O)(=O)C2=CC=CC(=C2)C(F)(F)F)O,O=S(=O)(c1cccc(C(F)(F)F)c1)C1CCCC1O,3.091682898023235,10,12,0.6776363849639893,-0.0649578869342804,-0.32530027627944946,0.1724674105644226,0.2873782217502594,0.32511723041534424,0.2940599322319031,-0.15455004572868347,0.852760736196319
CC1=CC(=C(C=C1)C)S(=O)CC(C(=O)O)C(F)(F)F,Cc1ccc(C)c(S(=O)CC(C(=O)O)C(F)(F)F)c1,3.5433515285523693,8,12,0.04514596611261368,0.07439401745796204,0.16536059975624084,0.09052418172359467,0.28490058332681656,0.08891689777374268,0.10478805005550385,0.05765453726053238,0.485
CC(=O)SCCC(C(C1=C(C(=CC(=C1)F)F)F)O)O,CC(=O)SCCC(O)C(O)c1cc(F)cc(F)c1F,3.5751636039055876,9,12,0.17143550515174866,0.004824027419090271,0.10453419387340546,0.11753697693347931,0.2807937264442444,0.07630756497383118,0.22281895577907562,0.020715197548270226,0.18725099601593626
CC(C)(C1CC2=C(C=CC=C2S1(=O)=O)C(F)(F)F)O,CC(C)(O)C1Cc2c(C(F)(F)F)cccc2S1(=O)=O,3.6477834116181302,7,11,0.6072908639907837,-0.08050679415464401,-0.2505868077278137,0.1631930023431778,0.27619726210832596,0.26038241386413574,0.274252325296402,-0.10651392489671707,0.6796116504854369
C1=CC=C(C=C1)S(=O)(=O)OCC/C=C/CC(F)(F)F,O=S(=O)(OCC/C=C/CC(F)(F)F)c1ccccc1,2.5285084109801392,8,10,0.3915773630142212,-0.02456723153591156,-0.09441350400447845,0.12311845272779465,0.2725966274738312,0.1792188435792923,0.18901102244853973,-0.03254681080579758,0.2420091324200913
CC1=C(C=CC(=C1)C(F)(F)F)C(=O)C(C)S(=O)(=O)C,Cc1cc(C(F)(F)F)ccc1C(=O)C(C)S(C)(=O)=O,2.797051052905415,7,12,0.22103220224380493,0.0692688375711441,-0.022898975759744644,0.168157696723938,0.2674020640552044,0.1931091994047165,0.13364474475383759,0.0698031410574913,0.2794759825327511
CC(C)(C(=O)C1=CC(=CC=C1)C(F)(F)F)S(=O)(=O)C,CC(C)(C(=O)c1cccc(C(F)(F)F)c1)S(C)(=O)=O,2.298351828139902,6,11,0.4670214056968689,0.0010637035593390465,-0.20149686932563782,0.23353205621242523,0.2665882399305701,0.305381178855896,0.24176184833049774,-0.030294975265860558,0.30357142857142855
CC(CC1CC2=C(C=CC=C2S1(=O)=O)C(F)(F)F)O,CC(O)CC1Cc2c(C(F)(F)F)cccc2S1(=O)=O,3.881108219290204,9,12,0.5405279397964478,-0.04495829716324806,-0.23366695642471313,0.14344656467437744,0.26190268620848656,0.2464773952960968,0.22654332220554352,-0.09437881410121918,0.6341463414634146
CC1=CC=C(C=C1)S(=O)(=O)OC[C@@H]2C[C@H]2C(F)(F)F,Cc1ccc(S(=O)(=O)OC[C@@H]2C[C@H]2C(F)(F)F)cc1,3.253175205715543,7,10,0.36558908224105835,0.1315622478723526,-0.23781384527683258,0.16802722215652466,0.25933748483657837,0.2804376482963562,0.1148376315832138,0.029665203765034676,0.33640552995391704
CC1=C(C=CC(=C1)C(F)(F)F)C2(CCS(=O)(=O)C2)O,Cc1cc(C(F)(F)F)ccc1C1(O)CCS(=O)(=O)C1,3.1672735529054137,8,12,0.12237522751092911,-0.02382553555071354,0.15676043927669525,0.11069799959659576,0.2553101312369108,0.0730806291103363,0.1509687900543213,0.053758665919303894,0.3593073593073593
CC1=CC(=C(C=C1)S(=O)(=O)O)CC2(CC2)C(F)(F)F,Cc1ccc(S(=O)(=O)O)c(CC2(C(F)(F)F)CC2)c1,2.8304175463502634,7,11,0.42598286271095276,-0.05355200543999672,-0.12322143465280533,0.0719318687915802,0.2492094226181507,0.19627171754837036,0.12217450886964798,-0.06969070434570312,0.2831858407079646
CC(CC(=O)OC)S(=O)C1=CC=CC(=C1)C(F)(F)F,COC(=O)CC(C)S(=O)c1cccc(C(F)(F)F)c1,3.2775156039055897,8,12,0.4745221734046936,-0.15571856498718262,-0.06998072564601898,0.10919345915317535,0.248822882771492,0.20161586999893188,0.191057026386261,-0.09937185794115067,0.6853932584269663
C1C(C(C(O1)CSC2=CC=CC(=C2)C(F)(F)F)O)O,OC1COC(CSc2cccc(C(F)(F)F)c2)C1O,3.4280988723454824,11,12,0.39433369040489197,0.054122719913721085,-0.20090451836585999,0.13779719173908234,0.24755189195275307,0.24496133625507355,0.14136500656604767,-0.029600055888295174,0.6
CC(C)C(=O)CS(=O)(=O)C1=CC=CC=C1C(F)(F)F,CC(C)C(=O)CS(=O)(=O)c1ccccc1C(F)(F)F,2.402204045565334,7,11,0.23207315802574158,0.06504558771848679,-0.052828818559646606,0.1298205554485321,0.24428992718458176,0.1865941882133484,0.12808963656425476,0.022006042301654816,0.5947368421052631
CCOC(=O)[C@H](C1=CC(=CC=C1)OC)SC(F)(F)F,CCOC(=O)[C@@H](SC(F)(F)F)c1cccc(OC)c1,2.884697715801341,8,12,0.5204605460166931,-0.2357756793498993,-0.044154953211545944,0.09243696182966232,0.24052991345524788,0.1530607044696808,0.27997633814811707,-0.15982112288475037,0.1891891891891892
CC1=C(C=CC(=C1SCCOC)C(F)(F)F)C(=O)O,COCCSc1c(C(F)(F)F)ccc(C(=O)O)c1C,2.531328020447594,7,12,0.14141207933425903,0.09851821511983871,-0.0017540967091917992,0.12707947194576263,0.23817619774490595,0.13478082418441772,0.12687218189239502,0.06006436049938202,0.42786069651741293
CC(COS(=O)(=O)C1=CC=C(C=C1)C(F)(F)F)C=C,C=CC(C)COS(=O)(=O)c1ccc(C(F)(F)F)cc1,2.946142168290029,7,10,0.4004358947277069,0.052418775856494904,-0.21684160828590393,0.1149863451719284,0.23601306229829788,0.2214985191822052,0.14208227396011353,-0.02047019451856613,0.4
C1CCS(=O)(=O)C(C1)C(C2=C(C=C(C=C2F)F)F)O,O=S1(=O)CCCCC1C(O)c1c(F)cc(F)cc1F,3.7149770156702937,8,10,0.14894704520702362,0.32699745893478394,-0.24947750568389893,0.1022028923034668,0.22646699845790863,0.20070874691009521,0.025603318586945534,0.11264616250991821,0.27800829875518673
CC=C(C)COS(=O)(=O)C1=CC=C(C=C1)C(F)(F)F,CC=C(C)COS(=O)(=O)c1ccc(C(F)(F)F)cc1,2.5000218666014398,6,10,0.4574178457260132,-0.010146845132112503,-0.22188584506511688,0.16198842227458954,0.2253851555287838,0.2445104420185089,0.19555389881134033,-0.04412095621228218,0.3886255924170616
COC1=CC(=C(C=C1)S(=O)C(F)(F)F)OCC2CC2,COc1ccc(S(=O)C(F)(F)F)c(OCC2CC2)c1,3.085344774624872,7,11,0.13251304626464844,0.2376103699207306,-0.14484377205371857,0.11046905815601349,0.22527964413166046,0.16120675206184387,0.008945891633629799,0.1558651328086853,0.3302325581395349
CC(=O)SCCC(C(C1=CC(=C(C=C1F)F)F)O)O,CC(=O)SCCC(O)C(O)c1cc(F)c(F)cc1F,3.5086079115978954,9,12,0.02906588278710842,0.04824060946702957,0.1398816853761673,0.09543953835964203,0.2171881776303053,0.05087406188249588,0.13368818163871765,0.06076030433177948,0.18725099601593626
CSC1COC(OC1)C=CC2=CC=C(O2)C(F)(F)F,CSC1COC(C=Cc2ccc(C(F)(F)F)o2)OC1,3.5545107722618177,8,11,0.15234288573265076,0.1178615540266037,-0.053027570247650146,0.07707368582487106,0.2171768695116043,0.09505552798509598,0.08771377801895142,0.07513202726840973,0.256198347107438
CCOC(=O)[C@@H](C1=CC(=CC=C1)OC)SC(F)(F)F,CCOC(=O)[C@H](SC(F)(F)F)c1cccc(OC)c1,2.884697715801341,8,12,0.5069647431373596,-0.24906423687934875,-0.04295811802148819,0.08129595965147018,0.21494238823652267,0.14206962287425995,0.26980113983154297,-0.17096415162086487,0.1891891891891892
CC1=CC(=C(C=C1)S(=O)CC(C(=O)O)C(F)(F)F)C,Cc1ccc(S(=O)CC(C(=O)O)C(F)(F)F)c(C)c1,3.534899723214851,8,12,0.06253722310066223,0.06760776787996292,0.07995106279850006,0.08897176384925842,0.2100960537791252,0.1038767546415329,0.0905037522315979,0.027613969519734383,0.47029702970297027
CC(CO)CSC1=C(C=C(C=C1)C(F)(F)F)C(=O)O,CC(CO)CSc1ccc(C(F)(F)F)cc1C(=O)O,2.79037016829003,9,12,0.07335375994443893,0.18200679123401642,-0.04545988142490387,0.1134156882762909,0.20990066975355148,0.18515828251838684,-0.012674354016780853,0.1038229763507843,0.4467005076142132
CCC(=O)C(C)S(=O)(=O)C1=CC=C(C=C1)C(F)(F)F,CCC(=O)C(C)S(=O)(=O)c1ccc(C(F)(F)F)cc1,2.686374306437596,6,10,0.440529465675354,0.05259068310260773,-0.2873455882072449,0.1486644148826599,0.20577456057071686,0.276401162147522,0.1609378159046173,-0.05377568304538727,0.6464088397790055
CC(C)(CS(=O)C1=CC=CC(=C1)C(F)(F)F)C(=O)O,CC(C)(CS(=O)c1cccc(C(F)(F)F)c1)C(=O)O,3.2210082153857913,7,11,0.5196651220321655,-0.11245353519916534,-0.2080584466457367,0.17313754558563232,0.1991531401872635,0.27248913049697876,0.2628963887691498,-0.1532161980867386,0.6136363636363636
CCOC(=O)COC1=C(C=C(C=C1)SC(F)(F)F)C,CCOC(=O)COc1ccc(SC(F)(F)F)cc1C,2.1888190792711235,7,12,-0.04915747791528702,0.2698294222354889,-0.022588912397623062,0.17920443415641785,0.1980830319225788,0.19556549191474915,-0.0056060804054141045,0.18580466508865356,0.28888888888888886
CC(CS(=O)CC1=CC(=CC=C1)C(F)(F)F)C(=O)O,CC(CS(=O)Cc1cccc(C(F)(F)F)c1)C(=O)O,3.14149929621328,9,12,0.43209308385849,-0.11200195550918579,-0.12399464845657349,0.08901923894882202,0.1960964798927307,0.1794346272945404,0.1886962354183197,-0.13974639773368835,0.33980582524271846
CC(=O)SCC(C(C1=CC(=C(C=C1)C(F)F)F)O)O,CC(=O)SCC(O)C(O)c1ccc(C(F)F)c(F)c1,3.606059911597896,10,12,0.1065135970711708,0.06148494407534599,0.027695003896951675,0.098886638879776,0.19569354504346848,0.08417853713035583,0.13472802937030792,0.03725096583366394,0.256198347107438
CCCC(=O)CS(=O)(=O)C1=CC=C(C=C1)C(F)(F)F,CCCC(=O)CS(=O)(=O)c1ccc(C(F)(F)F)cc1,2.1753184819860554,6,10,0.19758284091949463,0.11153373122215271,-0.11384233832359314,0.12375003099441528,0.1952742338180542,0.20132330060005188,0.07630017399787903,0.02609425038099289,0.6077348066298343
CS(=O)(=O)OCC1=CC(=CC(=C1)C(F)(F)F)C2CC2,CS(=O)(=O)OCc1cc(C2CC2)cc(C(F)(F)F)c1,2.4336018666014407,7,11,0.40603646636009216,0.1360544115304947,-0.3470962941646576,0.15748189389705658,0.19499458372592926,0.255420446395874,0.12741640210151672,0.011323599144816399,0.28169014084507044
CC1=C2C(=C(C=C1)S(=O)(=O)C(F)(F)F)CC(O2)(C)C,Cc1ccc(S(=O)(=O)C(F)(F)F)c2c1OC(C)(C)C2,2.81663073316345,5,11,0.37923166155815125,-0.1320047527551651,-0.052254416048526764,0.10266338288784027,0.19497249275445938,0.11363566666841507,0.21657493710517883,-0.05711153894662857,0.3453815261044177
CC1=C(C=CC(=C1)CC(=C)C)OS(=O)(=O)C(F)(F)F,C=C(C)Cc1ccc(OS(=O)(=O)C(F)(F)F)c(C)c1,2.4865808116563866,7,12,0.12341254949569702,0.019205152988433838,0.04722224920988083,0.06818007677793503,0.1898399516940117,0.018463538959622383,0.12292912602424622,0.06530484557151794,0.205761316872428
CC(C(C)SC1=C(C=C(C=C1)C(F)(F)F)C(=O)O)O,CC(O)C(C)Sc1ccc(C(F)(F)F)cc1C(=O)O,3.238705060734474,9,12,0.21104058623313904,0.20516695082187653,-0.22678975760936737,0.1624934822320938,0.1894177794456482,0.2517843246459961,0.054124072194099426,0.07558872550725937,0.5076923076923077
CC1=CC=C(C=C1)S(=O)(=O)OCC2(CC2)C(F)(F)F,Cc1ccc(S(=O)(=O)OCC2(C(F)(F)F)CC2)cc1,2.630951097370671,5,9,0.3807222843170166,-0.00015530362725257874,-0.19261112809181213,0.15089814364910126,0.1879558525979519,0.23370353877544403,0.15196815133094788,-0.03628730773925781,0.3394495412844037
CCCC(=O)CS(=O)(=O)C1=CC=CC=C1C(F)(F)F,CCCC(=O)CS(=O)(=O)c1ccccc1C(F)(F)F,2.3410929435245187,8,12,0.029430875554680824,0.1707129180431366,-0.012605324387550354,0.08163678646087646,0.18753846921026707,0.13012780249118805,-1.1941418051719666e-05,0.09457314014434814,0.5699481865284974
C1CS(=O)(=O)CC1C(C2=CC(=CC=C2)C(F)(F)F)O,O=S1(=O)CCC(C(O)c2cccc(C(F)(F)F)c2)C1,3.126045793950836,10,12,0.45450520515441895,-0.22365829348564148,-0.04395328462123871,0.10584691166877747,0.18689362704753876,0.12706443667411804,0.28557878732681274,-0.1501045972108841,0.3961352657004831
C1=CC=C(C=C1)CC(C(=O)O)SCOCC(F)(F)F,O=C(O)C(Cc1ccccc1)SCOCC(F)(F)F,2.958568878349201,8,10,0.22251218557357788,0.2660313546657562,-0.30367064476013184,0.08868946135044098,0.18487289547920227,0.22250764071941376,0.05519779399037361,0.024505440145730972,0.22026431718061673
CC(=O)SCC(C(C1=CC=C(C=C1)C(F)(F)F)O)O,CC(=O)SCC(O)C(O)c1ccc(C(F)(F)F)cc1,3.2333048346748186,8,10,0.19437871873378754,-0.04783899709582329,0.03746936470270157,0.09159836173057556,0.18400908634066582,0.09154612571001053,0.16179600358009338,-0.029834391549229622,0.2986425339366516
C1CC(CC1O)S(=O)(=O)C2=CC=C(C=C2)C(F)(F)F,O=S(=O)(c1ccc(C(F)(F)F)cc1)C1CCC(O)C1,3.013886517932738,8,10,0.37002718448638916,0.12327951192855835,-0.31124037504196167,0.1303870677947998,0.18206632137298584,0.26434874534606934,0.09532120078802109,-0.015182938426733017,0.7852760736196319
CC(C)(C1CS(=O)(=O)C2=CC=CC(=C12)C(F)(F)F)O,CC(C)(O)C1CS(=O)(=O)c2cccc(C(F)(F)F)c21,3.4642597067515686,7,11,0.4500787854194641,-0.05036555230617523,-0.21846869587898254,0.1396092176437378,0.18124453723430634,0.2214355766773224,0.18508972227573395,-0.07132212817668915,0.5688073394495413
C1CC1C(CS(=O)(=O)C2=CC=C(C=C2)C(F)(F)F)O,O=S(=O)(CC(O)C1CC1)c1ccc(C(F)(F)F)cc1,2.718190168290029,7,9,0.30099815130233765,0.24644635617733002,-0.36694759130477905,0.13034451007843018,0.1804969161748886,0.26807576417922974,0.027736421674489975,0.05036873742938042,0.7964071856287425
CCOC(=O)[C@H](OCC1=CC=CC=C1)SC(F)(F)F,CCOC(=O)[C@H](OCc1ccccc1)SC(F)(F)F,3.000900831011924,7,10,0.13941216468811035,-0.02620590850710869,0.06148303672671318,0.06055756285786629,0.17468929290771484,0.06568776816129684,0.11865419149398804,-0.009993905201554298,0.19421487603305784
CSCCCOC1=C(C=C(C=C1)C(=O)O)C(F)(F)F,CSCCCOc1ccc(C(=O)O)cc1C(F)(F)F,2.132739441262073,8,12,-0.0668325200676918,0.3165220022201538,-0.07586333155632019,0.1485622525215149,0.17382615059614182,0.14322438836097717,-0.02246432565152645,0.2219390869140625,0.27927927927927926
CSC1COC(OC1)/C=C/C2=CC=C(O2)C(F)(F)F,CSC1COC(/C=C/c2ccc(C(F)(F)F)o2)OC1,3.5545107722618177,8,11,0.12718044221401215,0.09074477851390839,-0.046994227916002274,0.051256388425827026,0.17093099281191826,0.07052424550056458,0.053826265037059784,0.0638531744480133,0.256198347107438
CC(=O)CCCS(=O)(=O)C1=CC=CC(=C1)C(F)(F)F,CC(=O)CCCS(=O)(=O)c1cccc(C(F)(F)F)c1,2.1234674050629785,8,12,0.5253328084945679,-0.23323102295398712,-0.1218678206205368,0.15687894821166992,0.17023396492004395,0.23644492030143738,0.2679316997528076,-0.17984728515148163,0.6473988439306358
CCC(=O)OC(C(C(F)(F)F)O)SC1=CC=CC=C1,CCC(=O)OC(Sc1ccccc1)C(O)C(F)(F)F,3.4083308618241404,8,10,0.15418791770935059,0.011463874951004982,0.004399823024868965,0.03629571199417114,0.17005161568522453,0.05858401954174042,0.11091195046901703,-0.018994688987731934,0.3125
CC(C)(C1CC2=C(S1(=O)=O)C=CC(=C2)C(F)(F)F)O,CC(C)(O)C1Cc2cc(C(F)(F)F)ccc2S1(=O)=O,3.540676347253923,7,11,0.5181649923324585,-0.07386481761932373,-0.2747759521007538,0.12939471006393433,0.16952422261238098,0.2392192929983139,0.19139067828655243,-0.11427964270114899,0.6865671641791045
CCOC(=O)CCC1=C(C=CC=C1SC(F)(F)F)O,CCOC(=O)CCc1c(O)cccc1SC(F)(F)F,2.4817901199951056,8,12,0.06023425608873367,0.07794930785894394,0.028442375361919403,0.08867722004652023,0.16662593930959702,0.12575921416282654,0.04363570734858513,0.04061516374349594,0.2943722943722944
CC(CC1CS(=O)(=O)C2=CC=CC(=C12)C(F)(F)F)O,CC(O)CC1CS(=O)(=O)c2cccc(C(F)(F)F)c21,3.7095239115978957,9,12,0.4082053303718567,0.02562110312283039,-0.2722889184951782,0.12767107784748077,0.16153751499950886,0.2321636974811554,0.13759759068489075,-0.05702615901827812,0.5754716981132075
CC(=O)SCCC(C(C1=CC(=C(C(=C1)F)F)F)O)O,CC(=O)SCCC(O)C(O)c1cc(F)c(F)c(F)c1,3.4785811423671262,8,10,0.16370519995689392,-0.1614803820848465,0.15740209817886353,0.03887977451086044,0.15962691605091095,-0.035082243382930756,0.2397034466266632,-0.08249649405479431,0.1950207468879668
C1CS(=O)(=O)CC1(CC2=CC(=CC=C2)C(F)(F)F)O,O=S1(=O)CCC(O)(Cc2cccc(C(F)(F)F)c2)C1,3.0598895710049625,9,12,0.32563722133636475,-0.21649561822414398,0.04605352506041527,0.0964556634426117,0.15519512817263603,0.08440250158309937,0.23861753940582275,-0.10892074555158615,0.4215686274509804
CC(CC1CC2=C(S1(=O)=O)C=CC(=C2)C(F)(F)F)O,CC(O)CC1Cc2cc(C(F)(F)F)ccc2S1(=O)=O,3.7304039115978957,9,12,0.4569186866283417,-0.02303813397884369,-0.2792213559150696,0.1184801235795021,0.1546591967344284,0.2325044870376587,0.14809297025203705,-0.08991444110870361,0.64
CCOC(=O)C(CC1=CC(=CS1)C)C(=O)C(F)(F)F,CCOC(=O)C(Cc1cc(C)cs1)C(=O)C(F)(F)F,3.1991778605977217,7,12,0.15164625644683838,0.022614533081650734,-0.020423104986548424,0.032493505626916885,0.1538376845419407,0.06234295666217804,0.10049118101596832,-0.027458807453513145,0.20152091254752852
CC1=CC=C(C=C1)S(=O)(=O)OC(C2CC2)C(F)(F)F,Cc1ccc(S(=O)(=O)OC(C2CC2)C(F)(F)F)cc1,2.9450760144438757,6,9,0.30229273438453674,0.08357599377632141,-0.23353448510169983,0.06063814088702202,0.15233424305915833,0.15024186670780182,0.08386973291635513,-0.01027118694037199,0.3452914798206278
CC(CO)CSC1=CC(=C(C=C1)C(F)(F)F)C(=O)O,CC(CO)CSc1ccc(C(F)(F)F)c(C(=O)O)c1,2.8656821682900286,9,12,0.026276838034391403,0.1782723367214203,-0.05465584993362427,0.08696039021015167,0.14989332482218742,0.1567218005657196,-0.05295850336551666,0.10099605470895767,0.4739583333333333
CC(C)C(C1=CC=C(C=C1)S(=O)C(F)(F)F)C(=O)O,CC(C)C(C(=O)O)c1ccc(S(=O)C(F)(F)F)cc1,3.3963279806716793,6,9,0.12241560220718384,0.1375909000635147,-0.11081525683403015,0.08881499618291855,0.1491912454366684,0.18549461662769318,0.020170908421278,0.014857510104775429,0.37104072398190047
CC(CC(=O)C)S(=O)(=O)C1=CC=C(C=C1)C(F)(F)F,CC(=O)CC(C)S(=O)(=O)c1ccc(C(F)(F)F)cc1,2.658348560754707,6,10,0.3842138946056366,0.004823349416255951,-0.24098703265190125,0.12131725251674652,0.1480502113699913,0.240899920463562,0.09562575817108154,-0.06295174360275269,0.6685714285714286
CC(C)(C1CC2=C(S1(=O)=O)C=C(C=C2)C(F)(F)F)O,CC(C)(O)C1Cc2ccc(C(F)(F)F)cc2S1(=O)=O,3.600375876296308,7,11,0.43362441658973694,-0.023649856448173523,-0.2633132338523865,0.11873456835746765,0.14666132628917694,0.2233228236436844,0.1448974758386612,-0.07785576581954956,0.7035175879396985
CC(CO)CSC1=CC(=C(C=C1)C(=O)O)C(F)(F)F,CC(CO)CSc1ccc(C(=O)O)c(C(F)(F)F)c1,2.84185016829003,9,12,0.003333901986479759,0.2138378620147705,-0.0718131959438324,0.09314049035310745,0.14535856805741787,0.16353505849838257,-0.07912897318601608,0.13291983306407928,0.4739583333333333
CCC(=O)C(C)S(=O)(=O)C1=CC=CC=C1C(F)(F)F,CCC(=O)C(C)S(=O)(=O)c1ccccc1C(F)(F)F,2.8770160646793546,8,12,0.33284062147140503,0.0380997508764267,-0.2267577201128006,0.12434609979391098,0.14418265223503113,0.22873985767364502,0.1257418692111969,-0.04618460312485695,0.6062176165803109
C1=CC=C(C=C1)CC(C(=O)O)SCC(C(F)(F)F)O,O=C(O)C(Cc1ccccc1)SCC(O)C(F)(F)F,3.1518675134078507,9,10,0.16502687335014343,0.13795095682144165,-0.1606435775756836,0.06305177509784698,0.1423342525959015,0.16072522103786469,0.06200537085533142,-0.023654207587242126,0.2290748898678414
C1=CC(=C(C=C1C(F)(F)F)C(C(CCS)O)O)C=O,O=Cc1ccc(C(F)(F)F)cc1C(O)C(O)CCS,3.679137142367127,11,12,0.18706637620925903,-0.02486291714012623,-0.02262745052576065,0.0759144127368927,0.13957600854337215,0.10208846628665924,0.10372014343738556,-0.019271546974778175,0.2972972972972973
CC1=CC=C(C=C1)S(=O)(=O)OCC2CC2C(F)(F)F,Cc1ccc(S(=O)(=O)OCC2CC2C(F)(F)F)cc1,3.253175205715543,7,10,0.3511109948158264,0.025942275300621986,-0.23966187238693237,0.12399392575025558,0.13739139772951603,0.22633135318756104,0.10408861190080643,-0.040824271738529205,0.33640552995391704
C[C@H](/C=C(\C1=CC=CC=C1)/C(F)(F)F)OS(=O)(=O)C,C[C@H](/C=C(\c1ccccc1)C(F)(F)F)OS(C)(=O)=O,3.1029221682900285,7,10,0.24565771222114563,0.09669240564107895,-0.20668844878673553,0.07163630425930023,0.13566166907548904,0.16852855682373047,0.045043595135211945,0.0017230138182640076,0.23236514522821577
CCCOC(C1=CC=C(C=C1)SC(F)(F)F)C(=O)O,CCCOC(C(=O)O)c1ccc(SC(F)(F)F)cc1,2.88491219543935,7,10,-0.035338737070560455,0.20110073685646057,-0.030812136828899384,0.06788508594036102,0.13494986295700073,0.12952643632888794,-0.06004270911216736,0.10493922233581543,0.2925764192139738
CC1=CC=C(C=C1)S[C@@H](CC(=O)O)[C@H](C(F)(F)F)O,Cc1ccc(S[C@@H](CC(=O)O)[C@@H](O)C(F)(F)F)cc1,3.2728439115978967,8,10,-0.08909144997596741,0.0972176268696785,0.1265569031238556,0.026041053235530853,0.13468308001756668,0.02735258638858795,0.002457140013575554,0.06036776676774025,0.4587628865979381
CCSC1=CC=CC(=C1C(=O)O)OC(C)C(F)(F)F,CCSc1cccc(OC(C)C(F)(F)F)c1C(=O)O,3.028886783674645,8,12,0.28068670630455017,0.08698447048664093,-0.24138261377811432,0.09580297768115997,0.12628856301307678,0.16016219556331635,0.12844091653823853,-0.017268581315875053,0.27235772357723576
CC1=CC=C(C=C1)S(=O)(=O)OC2(CCC2)C(F)(F)F,Cc1ccc(S(=O)(=O)OC2(C(F)(F)F)CCC2)cc1,2.5757990973706715,5,9,0.2548251152038574,0.11948037147521973,-0.2554061710834503,0.029660005122423172,0.11889931559562683,0.14734172821044922,0.006304674781858921,0.004061458632349968,0.33482142857142855
C1CC1C(CS(=O)(=O)C2=CC=CC=C2C(F)(F)F)O,O=S(=O)(CC(O)C1CC1)c1ccccc1C(F)(F)F,2.8884590913669523,9,11,0.1489170491695404,0.26302775740623474,-0.2973775863647461,0.09399043023586273,0.11456722021102905,0.21237081289291382,-0.03237701207399368,0.07251931726932526,0.7430167597765364
COC(=O)C1=C(C=C(C=C1)SC)COC(C(F)F)F,COC(=O)c1ccc(SC)cc1COC(F)C(F)F,3.269224412633921,8,12,-0.18764740228652954,0.29682934284210205,0.001963506918400526,0.018101833760738373,0.11114544747397304,0.027134161442518234,-0.14393791556358337,0.21485909819602966,0.2747747747747748
CC(CC1CC2=C(S1(=O)=O)C=C(C=C2)C(F)(F)F)O,CC(O)CC1Cc2ccc(C(F)(F)F)cc2S1(=O)=O,3.7889094500594336,9,12,0.4023268222808838,-0.029832813888788223,-0.26227065920829773,0.10002915561199188,0.11022334918379784,0.20363831520080566,0.11865150928497314,-0.08655747026205063,0.6565656565656566
CC(/C=C(\C1=CC=CC=C1)/C(F)(F)F)OS(=O)(=O)C,CC(/C=C(\c1ccccc1)C(F)(F)F)OS(C)(=O)=O,3.1029221682900285,7,10,0.25456660985946655,0.06430026143789291,-0.20948976278305054,0.054423827677965164,0.10937710851430893,0.1460125893354416,0.04734829068183899,-0.01659374311566353,0.23236514522821577
COC1=C(C=CC(=C1)OCC2CC2)S(=O)C(F)(F)F,COc1cc(OCC2CC2)ccc1S(=O)C(F)(F)F,3.0688787112764553,7,11,0.09160707145929337,0.16097216308116913,-0.14665034413337708,0.07633687555789948,0.10592889040708542,0.11953356862068176,0.0011713989078998566,0.08373518288135529,0.3302325581395349
C1=CC(=C(C=C1C(F)(F)F)C=O)C(C(CCS)O)O,O=Cc1cc(C(F)(F)F)ccc1C(O)C(O)CCS,3.6895743731363577,11,12,0.12791450321674347,-0.015340516343712807,-0.007325982674956322,0.0643015131354332,0.10524800419807434,0.08556251227855682,0.07343612611293793,-0.011660749092698097,0.2972972972972973
C1CC2=C(C=CC(=C2C1)S(=O)(=O)C(F)(F)F)CCO,O=S(=O)(c1ccc(CCO)c2c1CCC2)C(F)(F)F,2.644919531759811,8,12,0.13229526579380035,-0.184245765209198,0.15636025369167328,0.012315475381910801,0.10440975427627563,-0.05098468065261841,0.1503332257270813,-0.0511758029460907,0.3925233644859813
COC(=O)CCC(C1=CC=C(C=C1)SC(F)(F)F)O,COC(=O)CCC(O)c1ccc(SC(F)(F)F)cc1,2.7146995257560924,7,10,-0.16661661863327026,0.08219205588102341,0.18456819653511047,0.030032295733690262,0.10014363378286362,0.015564287081360817,-0.048042215406894684,0.10460449755191803,0.3317757009345794
CC1=C(C=C(C=C1)S(=O)CC(C(=O)O)C(F)(F)F)C,Cc1ccc(S(=O)CC(C(=O)O)C(F)(F)F)cc1C,3.4928074155225426,8,12,0.045170947909355164,0.04278670251369476,0.012134045362472534,0.03976256400346756,0.10009169578552246,0.05012623965740204,0.05496630445122719,0.0040739066898822784,0.5
CC(C(C)SC1=CC(=C(C=C1)C(F)(F)F)C(=O)O)O,CC(O)C(C)Sc1ccc(C(F)(F)F)c(C(=O)O)c1,3.2856322192902034,9,12,0.11371725797653198,0.2141788899898529,-0.23065796494483948,0.13001829385757446,0.09723818302154541,0.21245191991329193,-0.017409708350896835,0.08615437150001526,0.5368421052631579
CC(=O)SCC(C(C1=CC=CC=C1C(F)(F)F)O)O,CC(=O)SCC(O)C(O)c1ccccc1C(F)(F)F,3.376166680828666,10,12,-0.030833756551146507,0.05275285243988037,0.0748971626162529,0.04545757174491882,0.09681625850498676,0.031772661954164505,0.04987742751836777,0.027887800708413124,0.2925764192139738
C1=CC(=CC=C1C(C(CCS)O)O)C(=O)C(F)(F)F,O=C(c1ccc(C(O)C(O)CCS)cc1)C(F)(F)F,3.357551911597896,9,10,-0.014637526124715805,0.12928013503551483,-0.022956155240535736,0.03251960873603821,0.09168645367026329,0.05228962004184723,-0.006684368476271629,0.06059050187468529,0.22317596566523606
CC1(CO1)C(CS(=O)(=O)C2=CC=CC=C2)C(F)(F)F,CC1(C(CS(=O)(=O)c2ccccc2)C(F)(F)F)CO1,3.487788834674819,7,10,0.47395315766334534,-0.11864861100912094,-0.26364678144454956,0.065370112657547,0.09165776520967484,0.1742979735136032,0.15740670263767242,-0.13928236067295074,0.6086956521739131
C1CC(CC1O)S(=O)(=O)C2=CC=CC=C2C(F)(F)F,O=S(=O)(c1ccccc1C(F)(F)F)C1CCC(O)C1,3.110266608430476,10,12,0.229636549949646,0.1562134176492691,-0.2944953143596649,0.08809011429548264,0.09135465323925018,0.22815895080566406,0.0013119694776833057,0.00045713968575000763,0.7314285714285714
CC(C)(C(C1=CC=C(C=C1)SC(F)(F)F)O)C(=O)O,CC(C)(C(=O)O)C(O)c1ccc(SC(F)(F)F)cc1,3.0057061745694647,6,9,-0.025359977036714554,0.16250485181808472,-0.04598097503185272,0.0805649608373642,0.09116389974951744,0.11212293803691864,-0.04478633031249046,0.1101876050233841,0.3055555555555556
CCCC1=C(C(=CC(=C1)C(=O)O)SC(F)(F)F)OC,CCCc1cc(C(=O)O)cc(SC(F)(F)F)c1OC,2.575657866601441,7,12,0.10804520547389984,-0.02578457072377205,0.00794198364019394,0.11506415903568268,0.09020261839032173,0.13405780494213104,0.056588783860206604,0.01662769913673401,0.256198347107438
CC(C(C)SC1=CC(=C(C=C1)C(=O)O)C(F)(F)F)O,CC(O)C(C)Sc1ccc(C(=O)O)c(C(F)(F)F)c1,3.2613138519432656,9,12,0.06890532374382019,0.24138222634792328,-0.23062662780284882,0.12692038714885712,0.07966092228889465,0.20600542426109314,-0.05473878234624863,0.11609803140163422,0.5368421052631579
C1CCS(=O)(=O)C(C1)C(C2=CC(=C(C=C2F)F)F)O,O=S1(=O)CCCCC1C(O)c1cc(F)c(F)cc1F,3.697536291688393,9,12,0.08529917895793915,0.19191019237041473,-0.2027752697467804,0.05403994023799896,0.07443410158157349,0.12348160892724991,-0.013186043128371239,0.05648575723171234,0.27125506072874495
CC(C)(C(=O)OC)OC1=CC=C(C=C1)SC(F)(F)F,COC(=O)C(C)(C)Oc1ccc(SC(F)(F)F)cc1,2.354000328139902,4,9,0.04950006678700447,-0.02923271432518959,0.046105995774269104,0.04576638340950012,0.06637334823608398,0.03876037150621414,0.027231689542531967,0.026240967214107513,0.28193832599118945
CC1=CC=CC=C1CS(=O)CC(C(=O)O)C(F)(F)F,Cc1ccccc1CS(=O)CC(C(=O)O)C(F)(F)F,3.4074534500594353,9,12,-0.0639265775680542,-0.01679745316505432,0.14683175086975098,-0.0247817263007164,0.06610772013664246,-0.04385782778263092,0.051381733268499374,-0.04257874935865402,0.2577777777777778
CC(C)(C(=O)C1=CC=C(C=C1)C(F)(F)F)S(=O)(=O)C,CC(C)(C(=O)c1ccc(C(F)(F)F)cc1)S(C)(=O)=O,2.229568174293748,4,9,0.27166038751602173,0.006573586259037256,-0.21334099769592285,0.13083887100219727,0.06489297607913613,0.19046764075756073,0.10112164169549942,-0.032004375010728836,0.3063063063063063
CC(C)C(=O)CC1=CC=C(C=C1)S(=O)(=O)C(F)(F)F,CC(C)C(=O)Cc1ccc(S(=O)(=O)C(F)(F)F)cc1,2.1916407802592115,5,9,0.19058962166309357,-0.07014240324497223,-0.05588475614786148,0.04589204117655754,0.06456246227025986,0.08137694746255875,0.06448525190353394,-0.03252348676323891,0.4077669902912621
CC(=CCO)CS(=O)(=O)C1=CC=C(C=C1)C(F)(F)F,CC(=CCO)CS(=O)(=O)c1ccc(C(F)(F)F)cc1,2.4241754050629787,7,10,0.29378288984298706,-0.08115731179714203,-0.15050074458122253,0.03508404642343521,0.0621248334646225,0.10662905126810074,0.0814582109451294,-0.08031944930553436,0.6312849162011173
C/C(=C\CO)/CS(=O)(=O)C1=CC=C(C=C1)C(F)(F)F,C/C(=C\CO)CS(=O)(=O)c1ccc(C(F)(F)F)cc1,2.4241754050629787,7,10,0.2862255275249481,-0.034851036965847015,-0.1892501413822174,0.04202842339873314,0.0621243491768837,0.11900743842124939,0.07646921277046204,-0.06908011436462402,0.6312849162011173
CC(CCO)SC1=C(C=C(C=C1)C(F)(F)F)C(=O)O,CC(CCO)Sc1ccc(C(F)(F)F)cc1C(=O)O,2.8349686298284915,9,12,0.1446875035762787,0.004084168002009392,-0.08710743486881256,0.06338902562856674,0.06166423670947552,0.12317048013210297,0.028538471087813377,-0.028747906908392906,0.47692307692307695
CC(C)C(=O)CC1=CC=CC=C1S(=O)(=O)C(F)(F)F,CC(C)C(=O)Cc1ccccc1S(=O)(=O)C(F)(F)F,2.3758737472921787,7,11,0.21878206729888916,-0.14762352406978607,-0.011546009220182896,0.0354352667927742,0.05961253400892019,0.05463807284832001,0.10979055613279343,-0.08035915344953537,0.3870967741935484
CC1=CC2=C(CCCC2)C=C1OS(=O)(=O)C(F)(F)F,Cc1cc2c(cc1OS(=O)(=O)C(F)(F)F)CCCC2,2.3847367263299475,7,12,0.080174520611763,0.09350556135177612,-0.12038123607635498,0.016608241945505142,0.05329884588718414,0.05689796060323715,-0.01129782386124134,0.03860429674386978,0.1991869918699187
CC(C)(C1CS(=O)(=O)C2=C1C=C(C=C2)C(F)(F)F)O,CC(C)(O)C1CS(=O)(=O)c2ccc(C(F)(F)F)cc21,3.393720617269622,7,11,0.38538578152656555,-0.08726450055837631,-0.24631695449352264,0.09056712687015533,0.051804326474666595,0.16385430097579956,0.1303095519542694,-0.09804645925760269,0.5727699530516432
CCOC(=O)C(C)S(=O)C1=CC=C(C=C1)C(F)(F)F,CCOC(=O)C(C)S(=O)c1ccc(C(F)(F)F)cc1,3.2070608346748184,6,10,0.281189501285553,-0.054552145302295685,-0.17742547392845154,0.10641703009605408,0.049211882054805756,0.15334147214889526,0.123443603515625,-0.06086892634630203,0.6170212765957447
CC(CC(=O)C)S(=O)(=O)C1=CC=CC=C1C(F)(F)F,CC(=O)CC(C)S(=O)(=O)c1ccccc1C(F)(F)F,2.842222658085948,8,12,0.2448689192533493,-0.020730817690491676,-0.17579419910907745,0.08040270209312439,0.048343902453780174,0.17159166932106018,0.042896248400211334,-0.055813658982515335,0.6256684491978609
CC(=O)SCCC(C(C1=C(C=CC(=C1F)F)F)O)O,CC(=O)SCCC(O)C(O)c1c(F)ccc(F)c1F,3.5730257577517426,9,12,-0.09821206331253052,0.020264165475964546,0.10810086876153946,0.03485405445098877,0.030152970924973488,-0.037604305893182755,0.06533166766166687,0.03592558950185776,0.18725099601593626
CC(C)(C(=O)C1=CC=CC=C1C(F)(F)F)S(=O)(=O)C,CC(C)(C(=O)c1ccccc1C(F)(F)F)S(C)(=O)=O,2.3718460589091332,6,11,0.11950362473726273,0.09255287051200867,-0.18290424346923828,0.09694027900695801,0.02915225178003311,0.1513790786266327,0.00601092167198658,0.03294114023447037,0.2943722943722944
CC(C(=O)CC1=CC=C(C=C1)C(F)(F)F)S(=O)(=O)C,CC(C(=O)Cc1ccc(C(F)(F)F)cc1)S(C)(=O)=O,2.708276661225664,6,10,0.2102903127670288,-0.14984580874443054,-0.03331073373556137,0.0570407472550869,0.027133770287036896,0.08691786229610443,0.08897688239812851,-0.08432599902153015,0.3492822966507177
CCC(=C)C1=CC(=C(C=C1)OS(=O)(=O)C(F)(F)F)C,C=C(CC)c1ccc(OS(=O)(=O)C(F)(F)F)c(C)c1,2.591048629552775,7,12,0.10526913404464722,-0.1208941861987114,0.04270569607615471,-0.037787437438964844,0.02708064392209053,-0.05112873390316963,0.050897158682346344,-0.04842161387205124,0.20318725099601595
C1CC1C(CC2=CC=CC=C2S(=O)(=O)C(F)(F)F)O,O=S(=O)(c1ccccc1CC(O)C1CC1)C(F)(F)F,2.839884014443875,9,11,0.1872757077217102,0.13219350576400757,-0.29837921261787415,0.015230569988489151,0.021090000867843628,0.1334526687860489,-0.037063635885715485,-0.023096531629562378,0.4485981308411215
C1=C(C=C(C=C1C(C(CCS)O)O)C(F)(F)F)C=O,O=Cc1cc(C(O)C(O)CCS)cc(C(F)(F)F)c1,3.609513142367126,11,12,0.23959314823150635,-0.09719471633434296,-0.12170475721359253,0.03777526319026947,0.020693674683570862,0.08136074990034103,0.08465449512004852,-0.0909542664885521,0.3113207547169811
CC1(CC(C2=C(O1)C=C(S2)C(=O)C(F)(F)F)OC)C,COC1CC(C)(C)Oc2cc(C(=O)C(F)(F)F)sc21,3.746120322136183,5,11,0.24170269072055817,0.007906665094196796,-0.22965992987155914,0.022950127720832825,0.01994942594319582,0.06260605156421661,0.108855701982975,-0.07666897028684616,0.16
C1CCC2=C(C1)C=CC(=C2)S(=O)(=O)OCC(F)(F)F,O=S(=O)(OCC(F)(F)F)c1ccc2c(c1)CCCC2,2.3474806003292503,8,12,0.1662304699420929,0.022814679890871048,-0.17194026708602905,0.07537007331848145,0.01710488274693489,0.11155421286821365,0.041315723210573196,-0.006059820763766766,0.29777777777777775
CCC(C(=O)O)S(=O)CC1=CC=CC=C1C(F)(F)F,CCC(C(=O)O)S(=O)Cc1ccccc1C(F)(F)F,3.4017516039055886,9,12,-0.04603186622262001,0.1326291710138321,-0.07618239521980286,0.03326738253235817,0.010414909571409225,0.06858573108911514,-0.03692905977368355,0.03567279130220413,0.36036036036036034
C1CC1C(CC2=CC=C(C=C2)S(=O)(=O)C(F)(F)F)O,O=S(=O)(c1ccc(CC(O)C2CC2)cc1)C(F)(F)F,2.6648630913669535,7,9,0.26220443844795227,0.10187597572803497,-0.3560866713523865,0.017344413325190544,0.007993742823600769,0.14805206656455994,-0.033184174448251724,-0.05056772008538246,0.4729064039408867
CC1=C(C=C(C=C1)S(=O)CCCC(F)(F)F)C(=O)O,Cc1ccc(S(=O)CCCC(F)(F)F)cc1C(=O)O,3.0422483221361833,8,12,-0.06003183126449585,0.01536338310688734,0.05141579359769821,0.01400553435087204,0.006747345440089703,0.02800861932337284,-0.048145607113838196,0.025075308978557587,0.44554455445544555
C1=CC(=C(C=C1C=O)C(F)(F)F)C(C(CCS)O)O,O=Cc1ccc(C(O)C(O)CCS)c(C(F)(F)F)c1,3.6428796039055884,11,12,0.07537562400102615,-0.021307772025465965,-0.05096263438463211,0.023630265146493912,0.0031052175909280777,0.04339022934436798,0.018534662202000618,-0.021320529282093048,0.30454545454545456
CC(CC1CS(=O)(=O)C2=C1C=C(C=C2)C(F)(F)F)O,CC(O)CC1CS(=O)(=O)c2ccc(C(F)(F)F)cc21,3.6403956039055876,9,12,0.32352766394615173,-0.0117463618516922,-0.30892413854599,0.074114128947258,0.0028571635484695435,0.1765013486146927,0.06423407047986984,-0.08765478432178497,0.5797101449275363
CCC1=C2CCC(C2=C(C=C1)S(=O)(=O)C(F)(F)F)O,CCc1ccc(S(=O)(=O)C(F)(F)F)c2c1CCC2O,3.266946475982337,8,12,0.19708466529846191,-0.06518122553825378,-0.1305944323539734,0.02244018390774727,0.0013090074062347412,0.04390720650553703,0.06067676097154617,-0.05614984780550003,0.3815789473684211
CCCC(=O)CC1=CC=C(C=C1)S(=O)(=O)C(F)(F)F,CCCC(=O)Cc1ccc(S(=O)(=O)C(F)(F)F)cc1,2.143475097370672,6,10,0.053694307804107666,-0.12673306465148926,0.07016019523143768,0.0004462003707885742,-0.0028785616159439087,0.009455926716327667,0.007006104104220867,-0.03598935902118683,0.3875598086124402
CCCC(=O)CC1=CC=CC=C1S(=O)(=O)C(F)(F)F,CCCC(=O)Cc1ccccc1S(=O)(=O)C(F)(F)F,2.3152504819860553,8,12,0.04639965295791626,-0.17296291887760162,0.12097292393445969,-0.010198766365647316,-0.0055903419852256775,-0.027411816641688347,0.03700251877307892,-0.05795671418309212,0.36818181818181817
CC(CCO)SC1=CC(=C(C=C1)C(F)(F)F)C(=O)O,CC(CCO)Sc1ccc(C(F)(F)F)c(C(=O)O)c1,2.8880077067515693,9,12,0.07049208134412766,0.0022214213386178017,-0.08702569454908371,0.027919888496398926,-0.014312191866338253,0.07675193250179291,-0.019333571195602417,-0.02537115290760994,0.5052631578947369
CC1=CC=C(C=C1)S(=O)(=O)OC2CC(C2)C(F)(F)F,Cc1ccc(S(=O)(=O)OC2CC(C(F)(F)F)C2)cc1,2.466242789678363,6,9,0.2710762023925781,-0.13692376017570496,-0.15297608077526093,0.023372672498226166,-0.018823638558387756,0.09262215346097946,0.09826117753982544,-0.14890162646770477,0.3425925925925926
C1=CC=C(C=C1)CC(C(=O)O)S(=O)CCC(F)(F)F,O=C(O)C(Cc1ccccc1)S(=O)CCC(F)(F)F,3.262316382186132,8,10,0.04291176795959473,-0.055256329476833344,-0.0067633576691150665,-0.020318148657679558,-0.019107919186353683,0.013264905661344528,0.028861135244369507,-0.09558179974555969,0.26200873362445415
CCOC(=O)CCS(=O)C1=CC=CC(=C1)C(F)(F)F,CCOC(=O)CCS(=O)c1cccc(C(F)(F)F)c1,2.868082331185958,8,12,0.42924433946609497,-0.29099953174591064,-0.16080456972122192,0.04846447333693504,-0.022559762001037598,0.13363516330718994,0.17699305713176727,-0.24536404013633728,0.6166666666666667
CC(=O)SCCC(C(C1=C(C(=C(C=C1)F)F)F)O)O,CC(=O)SCCC(O)C(O)c1ccc(F)c(F)c1F,3.534993142367126,9,12,-0.05413056164979935,-0.1647041290998459,0.19351062178611755,0.001957561820745468,-0.02532406896352768,-0.10968587547540665,0.12782445549964905,-0.05437175929546356,0.18725099601593626
COC(=O)CCSC1=C(C=C(C=C1)CO)C(F)(F)F,COC(=O)CCSc1ccc(CO)cc1C(F)(F)F,2.3384960023480463,8,12,-0.013240158557891846,0.044679686427116394,-0.06202596426010132,0.022280722856521606,-0.03058643639087677,0.0752967819571495,-0.0349833145737648,-0.02371666394174099,0.46153846153846156
CCSCCOC1=C(C=C(C=C1)C(=O)O)C(F)(F)F,CCSCCOc1ccc(C(=O)O)cc1C(F)(F)F,2.2199837851534756,8,12,-0.03229767829179764,0.21804015338420868,-0.21850933134555817,0.0953146368265152,-0.032766856253147125,0.13041704893112183,-0.07327795773744583,0.10651187598705292,0.25
C1CC(C(C1)S(=O)(=O)C2=CC=C(C=C2)C(F)(F)F)O,O=S(=O)(c1ccc(C(F)(F)F)cc1)C1CCCC1O,3.0280258844485735,8,10,0.37514373660087585,-0.06286399066448212,-0.34633955359458923,0.03003864735364914,-0.034059807658195496,0.1580239236354828,0.07530568540096283,-0.15692293643951416,0.8404907975460123
CC(=O)C(C)(C)C1=CC=C(C=C1)S(=O)(=O)C(F)(F)F,CC(=O)C(C)(C)c1ccc(S(=O)(=O)C(F)(F)F)cc1,2.367409520447593,4,9,0.2974907159805298,-0.2889562249183655,-0.04754391685128212,0.025792520493268967,-0.03900942578911781,0.033280037343502045,0.13933861255645752,-0.15317648649215698,0.3925233644859813
C1CC(C(C1)S(=O)(=O)C2=CC=CC=C2C(F)(F)F)O,O=S(=O)(c1ccccc1C(F)(F)F)C1CCCC1O,3.1300856129553623,10,12,0.24583782255649567,0.024659231305122375,-0.31056860089302063,0.027127474546432495,-0.04007154703140259,0.15321482717990875,0.010927217081189156,-0.09747502207756042,0.7828571428571428
C1=CC=C(C(=C1)C(=O)O)SCCCOCC(F)(F)F,O=C(O)c1ccccc1SCCCOCC(F)(F)F,2.1933329671931574,9,12,-0.17599552869796753,0.2138182818889618,-0.07912149280309677,0.025324121117591858,-0.04129873961210251,0.04325036704540253,-0.12956005334854126,0.12352561205625534,0.375609756097561
CS(=O)(=O)OC(CC=C)C1=CC(=CC=C1)C(F)(F)F,C=CCC(OS(C)(=O)=O)c1cccc(C(F)(F)F)c1,3.0341926298284907,9,12,0.44130706787109375,-0.2725861072540283,-0.21104630827903748,0.01581568270921707,-0.042325347661972046,0.09609397500753403,0.18260207772254944,-0.2563023269176483,0.28695652173913044
CS(=O)(=O)C1=CC=CC(=C1)C(=O)CCCC(F)(F)F,CS(=O)(=O)c1cccc(C(=O)CCCC(F)(F)F)c1,2.106658174293747,8,12,0.38890349864959717,-0.17734938859939575,-0.25564026832580566,0.10301235318183899,-0.04408615827560425,0.18928854167461395,0.17282000184059143,-0.20696160197257996,0.3942307692307692
C1CSCC(O1)C(C2=CC=CC=C2OC(F)(F)F)O,OC(c1ccccc1OC(F)(F)F)C1CSCCO1,3.5658261234992015,10,12,-0.043703626841306686,0.22754541039466858,-0.22877761721611023,-0.0025502946227788925,-0.04493583366274834,0.06498433649539948,-0.10475240647792816,0.074297234416008,0.24603174603174602
COC(=O)C1=C(C=C(C=C1)SC)COCC(F)(F)F,COC(=O)c1ccc(SC)cc1COCC(F)(F)F,2.389952110945334,7,12,-0.2778751850128174,0.3343859612941742,-0.11054238677024841,0.04854043200612068,-0.0540316104888916,0.05713755637407303,-0.2102183997631073,0.23796841502189636,0.2966507177033493
C1=CC(=CC(=C1)S(=O)CCCCC(=O)O)C(F)(F)F,O=C(O)CCCCS(=O)c1cccc(C(F)(F)F)c1,2.835728485032112,9,12,0.3594966232776642,-0.10532812774181366,-0.3097028136253357,0.020823901519179344,-0.05553431808948517,0.1539541780948639,0.07976441085338593,-0.19273504614830017,0.6136363636363636
COC(=O)CCSC1=CC(=C(C=C1)CO)C(F)(F)F,COC(=O)CCSc1ccc(CO)c(C(F)(F)F)c1,2.355143966148951,8,12,-0.011960063129663467,0.011484562419354916,-0.060042597353458405,-0.0028730686753988266,-0.060518098063766956,0.04526599496603012,-0.029784847050905228,-0.053144603967666626,0.48947368421052634
C1=CC=C(C=C1)CC(C(=O)O)SCCOC(F)(F)F,O=C(O)C(Cc1ccccc1)SCCOC(F)(F)F,2.855484262964586,8,10,0.15148603916168213,0.001059994101524353,-0.2136608362197876,-0.05420750752091408,-0.061114802956581116,0.0438554584980011,0.02720734290778637,-0.14574956893920898,0.2465753424657534
C1C(C(C(O1)CSC2=CC=CC=C2C(F)(F)F)O)O,OC1COC(CSc2ccccc2C(F)(F)F)C1O,3.4965388131738857,11,12,-0.052745625376701355,0.1959535777568817,-0.2044941782951355,0.022177696228027344,-0.06128622591495514,0.11126898229122162,-0.13763098418712616,0.06141170486807823,0.5567567567567567
CCC(C(=O)O)S(=O)CC1=CC=C(C=C1)C(F)(F)F,CCC(C(=O)O)S(=O)Cc1ccc(C(F)(F)F)cc1,3.270944219290204,7,10,0.034950368106365204,0.05151819437742233,-0.1573396772146225,0.017784303054213524,-0.07087111473083496,0.07283757627010345,-0.022248538210988045,-0.03972136229276657,0.37209302325581395
CCOCCOC(=O)C1=CC=C(C=C1)SC(F)(F)F,CCOCCOC(=O)c1ccc(SC(F)(F)F)cc1,2.1288578192641623,6,10,-0.15884265303611755,0.27553367614746094,-0.19175496697425842,0.05058114230632782,-0.07506394386291504,0.10615016520023346,-0.18573302030563354,0.1548401564359665,0.2904761904761905
C1CC(C1)S(=O)(=O)CC2=CC(=CC=C2)OC(F)(F)F,O=S(=O)(Cc1cccc(OC(F)(F)F)c1)C1CCC1,2.2915575408095847,8,11,0.2803640365600586,-0.009592162445187569,-0.3463318347930908,0.029237564653158188,-0.0755599606782198,0.12843365967273712,0.04750774800777435,-0.10803140699863434,0.28888888888888886
CCSC1=CC=CC(=C1C(=O)O)OCCC(F)(F)F,CCSc1cccc(OCCC(F)(F)F)c1C(=O)O,2.468508672031305,8,12,0.11485220491886139,-0.05449426546692848,-0.13707402348518372,0.014065514318645,-0.07671608403325081,0.014862190000712872,0.0703468769788742,-0.07673461735248566,0.27800829875518673
CC(C1COS(=O)(=O)C1)C2=CC=C(C=C2)C(F)(F)F,CC(c1ccc(C(F)(F)F)cc1)C1COS(=O)(=O)C1,3.732786970421426,7,10,0.19650673866271973,-0.013467799872159958,-0.26042795181274414,0.017597388476133347,-0.07738901302218437,0.08490154147148132,0.01121184416115284,-0.07180442661046982,0.37155963302752293
C1CS(=O)(=O)CC1C(C2=CC=C(C=C2)C(F)(F)F)O,O=S1(=O)CCC(C(O)c2ccc(C(F)(F)F)cc2)C1,3.0844910428196153,8,10,0.1532616913318634,-0.15768533945083618,-0.07440980523824692,-0.00872775074094534,-0.0788334533572197,-9.48142260313034e-05,0.07052035629749298,-0.11589022725820541,0.4
C1CS(=O)(=O)CC1C(C2=CC=CC=C2C(F)(F)F)O,O=S1(=O)CCC(C(O)c2ccccc2C(F)(F)F)C1,3.2093969251725554,10,12,0.02496834471821785,-0.0960773378610611,-0.014454737305641174,-0.02439352497458458,-0.08556373044848442,-0.02718288265168667,0.01815849542617798,-0.07555154711008072,0.38497652582159625
CC(CCO)SC1=CC(=C(C=C1)C(=O)O)C(F)(F)F,CC(CCO)Sc1ccc(C(=O)O)c(C(F)(F)F)c1,2.864175706751567,9,12,0.028073931112885475,-3.44105064868927e-05,-0.11369413882493973,0.008243530057370663,-0.08565461821854115,0.05395578593015671,-0.0620022751390934,-0.022017572075128555,0.5052631578947369
C1CC2=CC=CC=C2CC1COS(=O)(=O)C(F)(F)F,O=S(=O)(OCC1CCc2ccccc2C1)C(F)(F)F,2.8720197659231665,9,12,0.0005150428041815758,-0.038629766553640366,-0.05111946538090706,-0.05448655039072037,-0.08923418913036585,-0.06307408958673477,0.014086605980992317,-0.06397365033626556,0.2511013215859031
CC(=O)C1=C(C=C(C=C1)OC)OCCSC(F)(F)F,COc1ccc(C(C)=O)c(OCCSC(F)(F)F)c1,2.311721341714561,7,12,0.013217879459261894,0.05310501530766487,-0.16012917459011078,0.03631269931793213,-0.09380627982318401,0.05028587579727173,-0.008167073130607605,-0.002789905294775963,0.1694915254237288
C1COC2=C(C=CC=C2O1)CSC[C@H](C(F)(F)F)O,O[C@H](CSCc1cccc2c1OCCO2)C(F)(F)F,3.1497247285222496,9,12,0.24136807024478912,0.1323394775390625,-0.47323036193847656,0.04575949162244797,-0.09952281415462494,0.13872921466827393,0.02851082943379879,-0.03793826699256897,0.2109704641350211
CC(CC(=O)O)SCC1=CC=C(C=C1)OC(F)(F)F,CC(CC(=O)O)SCc1ccc(OC(F)(F)F)cc1,2.627447037068311,7,10,-0.09873577952384949,0.05183304101228714,-0.052648112177848816,-0.09978635609149933,-0.09955085068941116,-0.0570199117064476,-0.12449495494365692,-0.011560888029634953,0.25112107623318386
C1C(CC1O)C2=CC=C(C=C2)S(=O)(=O)CC(F)(F)F,O=S(=O)(CC(F)(F)F)c1ccc(C2CC(O)C2)cc1,2.40569909737067,7,9,0.1165463849902153,-0.14251300692558289,-0.07969707250595093,0.003663131967186928,-0.10566369444131851,-0.020029332488775253,0.060862284153699875,-0.0757608488202095,0.5284974093264249
COCCCSC1=C(C=C(C=C1)C(F)(F)F)C(=O)O,COCCCSc1ccc(C(F)(F)F)cc1C(=O)O,2.1933693055154677,8,12,0.032158851623535156,-0.00531275849789381,-0.13334085047245026,0.02401827462017536,-0.10649475734680891,0.06518642604351044,-0.020589496940374374,-0.05338522046804428,0.46153846153846156
C1COC2=C(C=CC=C2O1)CSCC(C(F)(F)F)O,OC(CSCc1cccc2c1OCCO2)C(F)(F)F,3.1497247285222496,9,12,0.2434191256761551,0.12050770223140717,-0.47119927406311035,0.042038384824991226,-0.1072724461555481,0.13362190127372742,0.03173656389117241,-0.046676572412252426,0.2109704641350211
CCC/C=C/C1=CC=C(C=C1)OS(=O)(=O)C(F)(F)F,CCC/C=C/c1ccc(OS(=O)(=O)C(F)(F)F)cc1,2.3302507534792696,7,10,-0.09068908542394638,-0.06225826218724251,0.044494230300188065,-0.06334364414215088,-0.10845311731100082,-0.05697872117161751,-0.09600505977869034,-0.019768130034208298,0.2222222222222222
CCC(=O)C(C)C1=CC=C(C=C1)S(=O)(=O)C(F)(F)F,CCC(=O)C(C)c1ccc(S(=O)(=O)C(F)(F)F)cc1,2.7536242279446608,6,10,0.2668188214302063,-0.15748007595539093,-0.21877968311309814,0.004654683172702789,-0.10944093763828278,0.06753788888454437,0.0652855709195137,-0.14759111404418945,0.3767441860465116
C1CC1CS(=O)(=O)CC2=C(C(=CC=C2)F)OC(F)F,O=S(=O)(Cc1cccc(F)c1OC(F)F)CC1CC1,2.628315006872933,8,11,0.13157257437705994,0.025495044887065887,-0.26677995920181274,-0.004902414977550507,-0.10971233993768692,0.06977648288011551,-0.012036332860589027,-0.07867874205112457,0.233201581027668
C1COC2=C(C=CC=C2O1)CSC[C@@H](C(F)(F)F)O,O[C@@H](CSCc1cccc2c1OCCO2)C(F)(F)F,3.1497247285222496,9,12,0.22674685716629028,0.13183796405792236,-0.4699498414993286,0.04681684076786041,-0.11136502027511597,0.13667450845241547,0.022568419575691223,-0.03566104546189308,0.2109704641350211
C1CC2=CC=CC=C2C[C@@H]1COS(=O)(=O)C(F)(F)F,O=S(=O)(OC[C@@H]1CCc2ccccc2C1)C(F)(F)F,2.8720197659231665,9,12,-0.004647142719477415,-0.06616290658712387,-0.043278392404317856,-0.0726165696978569,-0.11408844171091914,-0.08987651020288467,0.011160118505358696,-0.07478433847427368,0.2511013215859031
COC1(CCOCC1)C(=O)C2=CSC=C2C(F)(F)F,COC1(C(=O)c2cscc2C(F)(F)F)CCOCC1,3.317180008613274,5,10,-0.09251812100410461,-0.11508387327194214,0.09265455603599548,-0.029116716235876083,-0.11494743824005127,-0.06410261988639832,-0.052519846707582474,-0.01608186587691307,0.2548262548262548
CC(CC(=O)O)S(=O)CC1=CC=C(C=C1)C(F)(F)F,CC(CC(=O)O)S(=O)Cc1ccc(C(F)(F)F)cc1,3.115903296213281,7,10,0.02566063590347767,-0.008174922317266464,-0.1351466178894043,-0.03936625272035599,-0.11766090430319309,0.022567611187696457,-0.054114680737257004,-0.07639580219984055,0.37073170731707317
CC(C(C1=CC=C(C=C1)SC(F)(F)F)O)C(=O)OC,COC(=O)C(C)C(O)c1ccc(SC(F)(F)F)cc1,3.1283399115978954,7,10,-0.040398404002189636,-0.015360753983259201,-0.062467750161886215,-0.03652261942625046,-0.11822690814733505,0.00477243959903717,-0.10467293858528137,-0.017380397766828537,0.3242009132420091
CC(=O)CCCS(=O)(=O)C1=CC=C(C=C1)C(F)(F)F,CC(=O)CCCS(=O)(=O)c1ccc(C(F)(F)F)cc1,2.054253251216826,6,10,0.25728315114974976,-0.20323222875595093,-0.17657741904258728,0.016946034505963326,-0.12252649664878845,0.09311568737030029,0.047567836940288544,-0.18214945495128632,0.6358381502890174
COC(=O)C1=C(C=C(C=C1)SC)COC(CF)(F)F,COC(=O)c1ccc(SC)cc1COC(F)(F)CF,2.765508672031306,7,12,-0.25941136479377747,0.172690749168396,-0.04336898773908615,-0.039967671036720276,-0.13008960336446762,-0.05678129196166992,-0.17075462639331818,0.12211921811103821,0.26991150442477874
CCS(=O)(=O)CCCC(=O)C1=C(C=C(C=C1F)F)F,CCS(=O)(=O)CCCC(=O)c1c(F)cc(F)cc1F,2.3807012512168253,6,10,-0.0856122374534607,0.0691227912902832,-0.11584161221981049,-0.04240125045180321,-0.13233105838298798,-0.04154291749000549,-0.09395140409469604,0.03155398741364479,0.19742489270386265
CC(=O)CCCS(=O)(=O)C1=CC=CC=C1C(F)(F)F,CC(=O)CCCS(=O)(=O)c1ccccc1C(F)(F)F,2.226491097370671,8,12,0.0656958520412445,-0.11085839569568634,-0.08770119398832321,0.0040296949446201324,-0.13286373764276505,0.05769525468349457,-0.034859661012887955,-0.09235766530036926,0.5945945945945946
C1CS(=O)(=O)CC1(CC2=CC=C(C=C2)C(F)(F)F)O,O=S1(=O)CCC(O)(Cc2ccc(C(F)(F)F)cc2)C1,3.0142759963443293,7,10,0.021271787583827972,-0.158639058470726,-0.007803283631801605,-0.028704972937703133,-0.14517055451869965,-0.047103043645620346,0.007584948092699051,-0.08661440014839172,0.42574257425742573
CCC(C(C1=CC=C(C=C1)SC(F)(F)F)O)C(=O)O,CCC(C(=O)O)C(O)c1ccc(SC(F)(F)F)cc1,3.1709694500594354,8,10,-0.04264895245432854,0.0344683900475502,-0.13741004467010498,-0.022238528355956078,-0.14559060707688332,0.04918103292584419,-0.08641183376312256,-0.06403270363807678,0.3242009132420091
C1C(C(C(O1)CSC2=CC=C(C=C2)C(F)(F)F)O)O,OC1COC(CSc2ccc(C(F)(F)F)cc2)C1O,3.368637629741933,9,10,0.06696517020463943,0.033057801425457,-0.2462308704853058,-0.009013263508677483,-0.14620789885520935,0.08346143364906311,-0.09827923029661179,-0.049907147884368896,0.5885714285714285
CCC(=O)C(C)C1=CC=CC=C1S(=O)(=O)C(F)(F)F,CCC(=O)C(C)c1ccccc1S(=O)(=O)C(F)(F)F,2.9786948715867325,8,12,0.2421235889196396,-0.21621248126029968,-0.17874345183372498,-0.01590050756931305,-0.15283234417438507,0.03314325213432312,0.06946786493062973,-0.18643030524253845,0.3584070796460177
C1=CC(=C(C=C1C(C(CCS)O)O)C(F)(F)F)C=O,O=Cc1ccc(C(O)C(O)CCS)cc1C(F)(F)F,3.6541614500594353,11,12,0.05205703154206276,-0.14718802273273468,-0.05861717090010643,-0.033910833299160004,-0.15374816209077835,-0.02787836827337742,-0.00019310228526592255,-0.1042177677154541,0.3073394495412844
CCOC1=CC=CC(=C1OCCSC(F)(F)F)C=O,CCOc1cccc(C=O)c1OCCSC(F)(F)F,2.5382592985541024,8,12,0.22665339708328247,-0.043156374245882034,-0.3401872515678406,0.043977998197078705,-0.15669022873044014,0.10423022508621216,0.047371767461299896,-0.11074033379554749,0.18222222222222223
COCCCSC1=CC(=C(C=C1)C(=O)O)C(F)(F)F,COCCCSc1ccc(C(=O)O)c(C(F)(F)F)c1,2.24038107022135,8,12,-0.056411903351545334,0.0033889245241880417,-0.11305772513151169,0.0012380760163068771,-0.16608070395886898,0.033945560455322266,-0.07297143340110779,-0.0395592525601387,0.48947368421052634
CC(CC(C1=CC=C(C=C1)SC(F)(F)F)O)C(=O)O,CC(CC(O)c1ccc(SC(F)(F)F)cc1)C(=O)O,3.1252051423671263,8,10,-0.03970572352409363,0.14202162623405457,-0.26927101612091064,-0.005934891290962696,-0.1669551134109497,0.09728053212165833,-0.14923973381519318,-0.015264855697751045,0.33649289099526064
CC(CSCC1=CC=C(C=C1)OC(F)(F)F)C(=O)O,CC(CSCc1ccc(OC(F)(F)F)cc1)C(=O)O,2.6034171728149165,7,10,-0.03600256145000458,0.011240063235163689,-0.153439462184906,-0.12360147386789322,-0.1782019603997469,-0.06403408199548721,-0.12132290005683899,-0.06603242456912994,0.23873873873873874
CC(CS(=O)CC1=CC=C(C=C1)C(F)(F)F)C(=O)O,CC(CS(=O)Cc1ccc(C(F)(F)F)cc1)C(=O)O,3.1087005269825116,7,10,0.07204493135213852,-0.08709082007408142,-0.16328763961791992,-0.07278814166784286,-0.17833352833986282,-0.0014824122190475464,-0.05117877200245857,-0.13932769000530243,0.3431372549019608
CS(=O)(=O)C1=CC=C(C=C1)C(=O)CCCC(F)(F)F,CS(=O)(=O)c1ccc(C(=O)CCCC(F)(F)F)cc1,2.0335947896783644,6,10,0.22651278972625732,-0.11585632711648941,-0.29835182428359985,0.017030932009220123,-0.18769536167383194,0.10243819653987885,0.0310127642005682,-0.18472419679164886,0.38461538461538464
CCC(C1=CC=C(C=C1)S(=O)(=O)C(F)(F)F)C(=O)C,CCC(C(C)=O)c1ccc(S(=O)(=O)C(F)(F)F)cc1,2.7189438511785706,6,10,0.2862354815006256,-0.2563447952270508,-0.21874023973941803,-0.048922792077064514,-0.1888495534658432,0.039463430643081665,0.05968579649925232,-0.24700216948986053,0.3767441860465116
COC1=CC=CC=C1CSCC(C(=O)O)C(F)(F)F,COc1ccccc1CSCC(C(=O)O)C(F)(F)F,2.8322316524529256,9,12,0.0017121853306889534,-0.04912492260336876,-0.14478152990341187,-0.1170673817396164,-0.19219426717609167,-0.04011905938386917,-0.07216285169124603,-0.1524287760257721,0.2288135593220339
C=CC1=CC=C(C=C1)CCC(C(F)(F)S(=O)(=O)O)F,C=Cc1ccc(CCC(F)C(F)(F)S(=O)(=O)O)cc1,3.1616270913669524,8,10,0.06226079910993576,-0.019671712070703506,-0.24364398419857025,-0.08986258506774902,-0.201054897159338,-0.001879701390862465,-0.09963813424110413,-0.1063569039106369,0.21428571428571427
CC(CC(=O)O)C(C1=CC=C(C=C1)SC(F)(F)F)O,CC(CC(=O)O)C(O)c1ccc(SC(F)(F)F)cc1,3.113632526982511,8,10,-0.0713704526424408,0.02929336577653885,-0.16313916444778442,-0.0537387989461422,-0.20521625131368637,0.013916419818997383,-0.12819981575012207,-0.058268267661333084,0.33490566037735847
C1CC2=C([C@@H]3CC=C[C@H]1[C@H]2C3)OS(=O)(=O)C(F)(F)F,O=S(=O)(OC1=C2CC[C@H]3C=CC[C@@H]1C[C@@H]23)C(F)(F)F,5.097311438051998,9,12,0.056736480444669724,-0.23761774599552155,-0.025286352261900902,-0.1638965606689453,-0.20616761781275272,-0.13859964907169342,-0.021212995052337646,-0.20308052003383636,0.16942148760330578
C1=CC(=CC=C1C(=O)O)SCCCOCC(F)(F)F,O=C(O)c1ccc(SCCCOCC(F)(F)F)cc1,2.139838884352921,7,10,-0.2074650377035141,0.16728542745113373,-0.16778746247291565,-0.018378667533397675,-0.20796707272529602,0.018021389842033386,-0.19817346334457397,0.07230117917060852,0.39896373056994816
C1CS(=O)(=O)C2=CC=CC=C2C1(CCC(F)(F)F)O,O=S1(=O)CCC(O)(CCC(F)(F)F)c2ccccc21,3.5171465845796224,9,12,-0.03721292316913605,-0.16648665070533752,-0.005818163976073265,-0.05980361998081207,-0.20951773785054684,-0.0857347771525383,-0.015459328889846802,-0.1090790256857872,0.49099099099099097
C1C(CO1)(CO)COC2=CC=CC=C2SC(F)(F)F,OCC1(COc2ccccc2SC(F)(F)F)COC1,2.823303677252328,8,11,-0.11330905556678772,0.23466286063194275,-0.33699771761894226,-0.01193143893033266,-0.21564391255378723,0.07771455496549606,-0.20401135087013245,0.052422840148210526,0.2932692307692308
COCCCSC1=CC(=C(C=C1)C(F)(F)F)C(=O)O,COCCCSc1ccc(C(F)(F)F)c(C(=O)O)c1,2.2637457761037023,8,12,-0.04545274376869202,-0.0661972314119339,-0.10405316948890686,-0.02329026162624359,-0.21570314466953278,0.0002124612219631672,-0.061694249510765076,-0.08382878452539444,0.48947368421052634
CCOC(=O)CSC1=C(C=C(C=C1)CO)C(F)(F)F,CCOC(=O)CSc1ccc(CO)cc1C(F)(F)F,2.269455278366145,8,12,0.015350875444710255,-0.016944212839007378,-0.21518975496292114,0.0022398242726922035,-0.21678309235721827,0.05639125779271126,-0.06034122779965401,-0.07921098917722702,0.4221105527638191
CCC(C1=CC=CC=C1S(=O)(=O)C(F)(F)F)C(=O)C,CCC(C(C)=O)c1ccccc1S(=O)(=O)C(F)(F)F,2.944469439875588,8,12,0.22692441940307617,-0.26428085565567017,-0.18178564310073853,-0.05662834644317627,-0.21914207935333252,0.008799351751804352,0.038393713533878326,-0.23554199934005737,0.3584070796460177
COC1=CC(=CC(=C1OC)OC)/C=C/SC(F)(F)F,COc1cc(/C=C/SC(F)(F)F)cc(OC)c1OC,2.553564780628589,5,9,0.2457660436630249,-0.30825942754745483,-0.1589558869600296,-0.01840701326727867,-0.22144927084445953,0.043356604874134064,0.08663186430931091,-0.263386070728302,0.16279069767441862
CS(=O)(=O)C1CCCC1(C2=C(C(=C(C=C2)F)F)F)O,CS(=O)(=O)C1CCCC1(O)c1ccc(F)c(F)c1F,3.5551476039055885,8,12,0.015929721295833588,0.0024723485112190247,-0.2458529770374298,-0.05904779210686684,-0.2274509072303772,-0.026292700320482254,-0.06831091642379761,-0.06952381134033203,0.28627450980392155
C1CS(=O)(=O)CC1CC(C2=C(C(=C(C=C2)F)F)F)O,O=S1(=O)CCC(CC(O)c2ccc(F)c(F)c2F)C1,3.4163670609191623,9,12,-0.0337815135717392,-0.2057623714208603,0.009880803525447845,-0.08210583031177521,-0.22966308146715164,-0.12655246257781982,-0.008077017962932587,-0.1187804788351059,0.2532188841201717
CC(CC=C)C1=CC=C(C=C1)OS(=O)(=O)C(F)(F)F,C=CCC(C)c1ccc(OS(=O)(=O)C(F)(F)F)cc1,2.890815706751569,7,10,-0.04742436110973358,-0.025628654286265373,-0.15669891238212585,-0.11046458035707474,-0.2297519277781248,-0.077950119972229,-0.12363427877426147,-0.0564078688621521,0.2125
C=CC1=CC=C(C=C1)CCC(C(F)S(=O)(=O)O)(F)F,C=Cc1ccc(CCC(F)(F)C(F)S(=O)(=O)O)cc1,3.2401957067515683,8,10,0.0725184828042984,-0.0776459276676178,-0.22520175576210022,-0.10199788212776184,-0.23032920062541962,-0.025005530565977097,-0.09123313426971436,-0.12996499240398407,0.21285140562248997
CC(=O)C1=CC=C(C=C1)S(=O)(=O)CCCC(F)(F)F,CC(=O)c1ccc(S(=O)(=O)CCCC(F)(F)F)cc1,2.0891040204475946,6,10,0.027390390634536743,-0.10985273122787476,-0.15104705095291138,-0.013002317398786545,-0.2335093915462494,0.039768002927303314,-0.05542684346437454,-0.125590980052948,0.4897959183673469
CCOC(=O)C(CC(=C)C1=CC=CS1)(C(F)(F)F)O,C=C(CC(O)(C(=O)OCC)C(F)(F)F)c1cccs1,3.392741552905414,8,12,0.22628431022167206,-0.26648885011672974,-0.19865292310714722,-0.10969697684049606,-0.2388574630022049,-0.03909970074892044,0.031399086117744446,-0.268562912940979,0.2
CCOC(=O)[C@@](CC(=C)C1=CC=CS1)(C(F)(F)F)O,C=C(C[C@](O)(C(=O)OCC)C(F)(F)F)c1cccs1,3.392741552905414,8,12,0.207576721906662,-0.2593870162963867,-0.1971854269504547,-0.104588583111763,-0.24899572134017944,-0.03212792053818703,0.023254116997122765,-0.2674635648727417,0.2
C1CCC2=C(C1)C=CC=C2OS(=O)(=O)CC(F)(F)F,O=S(=O)(CC(F)(F)F)Oc1cccc2c1CCCC2,2.565608115122151,8,12,0.054266344755887985,-0.1820392906665802,-0.12311763316392899,-0.06001773104071617,-0.2508905790746212,-0.06572313606739044,0.013744277879595757,-0.15284007787704468,0.22040816326530613
C1CCS(=O)(=O)C(C1)C(C2=C(C(=C(C=C2)F)F)F)O,O=S1(=O)CCCCC1C(O)c1ccc(F)c(F)c1F,3.7234041649915612,9,12,-0.05416358634829521,-0.025279410183429718,-0.17397618293762207,-0.062264107167720795,-0.253419179469347,-0.05173388496041298,-0.0802043229341507,-0.06430024653673172,0.27125506072874495
CCOC(=O)CSC1=CC(=C(C=C1)CO)C(F)(F)F,CCOC(=O)CSc1ccc(CO)c(C(F)(F)F)c1,2.294378355289224,8,12,0.010677549988031387,-0.05154568329453468,-0.21513794362545013,-0.0216854065656662,-0.25600607693195343,0.03105045109987259,-0.05934259295463562,-0.11365316063165665,0.4484536082474227
CCOC(=O)C(C)SC1=CC=C(C=C1)OC(F)(F)F,CCOC(=O)C(C)Sc1ccc(OC(F)(F)F)cc1,2.5027746388782646,6,10,-0.04607278108596802,-0.056646641343832016,-0.1614728569984436,-0.08301981538534164,-0.26419227942824364,-0.07038848847150803,-0.08846373856067657,-0.07497453689575195,0.3427230046948357
CCC(C(=O)O)SCC1=CC=C(C=C1)OC(F)(F)F,CCC(SCc1ccc(OC(F)(F)F)cc1)C(=O)O,2.6796931909144632,7,10,-0.03789443522691727,-0.12333501130342484,-0.11003318428993225,-0.14943954348564148,-0.27126263082027435,-0.11543789505958557,-0.07237832248210907,-0.16968420147895813,0.2510822510822511
C1=CC(=CC=C1CC(=O)O)SCCOCC(F)(F)F,O=C(O)Cc1ccc(SCCOCC(F)(F)F)cc1,2.2079539731103157,7,10,-0.25696778297424316,0.20654788613319397,-0.2277856171131134,-0.07291147112846375,-0.2782055139541626,0.004561686888337135,-0.25992146134376526,0.03548222780227661,0.358974358974359
C1CC(OS(=O)(=O)C1CC(F)(F)F)C2=CC=CC=C2,O=S1(=O)OC(c2ccccc2)CCC1CC(F)(F)F,3.8082872488760025,8,10,0.1177341565489769,-0.24147331714630127,-0.1552402824163437,-0.1287175714969635,-0.27897944301366806,-0.08798635005950928,-0.019471406936645508,-0.21274203062057495,0.2793522267206478
CC(C)(C(=O)O)SCC1=CC=C(C=C1)OC(F)(F)F,CC(C)(SCc1ccc(OC(F)(F)F)cc1)C(=O)O,2.3385314050629784,5,9,-0.013131476938724518,-0.165842205286026,-0.10683739185333252,-0.11497802287340164,-0.28581107407808304,-0.10214804112911224,-0.04405459389090538,-0.17022907733917236,0.24561403508771928
CCC(=CC)C1=CC(=C(C=C1)O)S(=O)(=O)C(F)(F)F,CC=C(CC)c1ccc(O)c(S(=O)(=O)C(F)(F)F)c1,2.7754370125982994,8,12,0.13525232672691345,-0.17518731951713562,-0.24670666456222534,-0.07699581235647202,-0.2866416573524475,0.008886560797691345,-0.08690488338470459,-0.17476262152194977,0.36637931034482757
CC(C)C1=C(C2=C(CC2)C=C1)OS(=O)(=O)C(F)(F)F,CC(C)c1ccc2c(c1OS(=O)(=O)C(F)(F)F)CC2,2.639555097370671,6,11,0.10881801694631577,-0.1428658366203308,-0.2534947991371155,-0.09761153906583786,-0.2875426188111305,-0.05347371846437454,-0.03757031261920929,-0.1728707253932953,0.18875502008032127
CS(=O)(=O)CCCC(=O)C1=CC(=CC=C1)C(F)(F)F,CS(=O)(=O)CCCC(=O)c1cccc(C(F)(F)F)c1,2.0495677127552856,8,12,0.20715054869651794,-0.19303441047668457,-0.30187663435935974,-0.012745978310704231,-0.28776049613952637,0.06517558544874191,0.021752983331680298,-0.2286202609539032,0.3157894736842105
CCOC(=O)CC(C1=CC=C(C=C1)SC(F)(F)F)O,CCOC(=O)CC(O)c1ccc(SC(F)(F)F)cc1,2.7393212452131053,7,10,-0.17337150871753693,-0.03777460753917694,-0.07844667136669159,-0.06261924654245377,-0.28959278762340546,-0.04036831483244896,-0.15549170970916748,-0.048948850482702255,0.30454545454545456
CCOC(=O)[C@](C1=CC=C(S1)CC=C)(C(F)(F)F)O,C=CCc1ccc([C@@](O)(C(=O)OCC)C(F)(F)F)s1,3.522798475982337,8,12,0.11822522431612015,-0.19510173797607422,-0.2190379947423935,-0.11259759217500687,-0.29591450840234756,-0.041910819709300995,-0.05054829269647598,-0.21018929779529572,0.14935064935064934
C1=CC(=CC=C1CC(=O)O)S(=O)CCCC(F)(F)F,O=C(O)Cc1ccc(S(=O)CCCC(F)(F)F)cc1,2.918748394534374,7,10,-0.2390412539243698,-0.1557110846042633,0.09001247584819794,-0.13243936002254486,-0.3047398626804352,-0.17028135061264038,-0.12891805171966553,-0.08418652415275574,0.45408163265306123
CC1(CCC1)C2=CC=C(C=C2)OS(=O)(=O)C(F)(F)F,CC1(c2ccc(OS(=O)(=O)C(F)(F)F)cc2)CCC1,2.4418514050629785,5,9,-0.07109388709068298,0.025370310992002487,-0.27642911672592163,-0.12741170823574066,-0.3221526928246021,-0.07892951369285583,-0.18302199244499207,-0.03998073190450668,0.2175732217573222
C1CC(CC(C1)(C2=C(C=CS2)C(=O)O)O)C(F)(F)F,O=C(O)c1ccsc1C1(O)CCCC(C(F)(F)F)C1,3.687477468158982,9,12,-0.06764552742242813,-0.10071778297424316,-0.1542935073375702,-0.0953899621963501,-0.3226568177342415,-0.05822770297527313,-0.1240176409482956,-0.11894739419221878,0.16901408450704225
CC1CCC2=C(C=CC(=C12)OS(=O)(=O)C(F)(F)F)C,Cc1ccc(OS(=O)(=O)C(F)(F)F)c2c1CCC2C,3.1512535529054144,7,12,-0.11046069860458374,-0.04893219470977783,-0.17268654704093933,-0.14022298157215118,-0.3320794403553009,-0.1164325699210167,-0.14397136867046356,-0.09334203600883484,0.19215686274509805
CC(=O)C1=CC(=C(C=C1)OCCSC(F)(F)F)OC,COc1cc(C(C)=O)ccc1OCCSC(F)(F)F,2.207867043072028,7,12,0.02092932164669037,-0.09657001495361328,-0.2632656395435333,-0.013674229383468628,-0.33890633285045624,0.028556134551763535,-0.04944433644413948,-0.14538279175758362,0.1782608695652174
C1=CC(=CC=C1CCC(=O)C(F)(F)F)OCCSO,O=C(CCc1ccc(OCCSO)cc1)C(F)(F)F,2.5169548606842795,7,10,-0.21368993818759918,0.052759408950805664,-0.18400606513023376,-0.09010487049818039,-0.3449365943670273,-0.06682939827442169,-0.1896415650844574,-0.033550649881362915,0.1965065502183406
CS(=O)(=O)CCC(=O)CC1=CC(=CC=C1)C(F)(F)F,CS(=O)(=O)CCC(=O)Cc1cccc(C(F)(F)F)c1,2.1981009435245173,8,12,0.23182758688926697,-0.4102908968925476,-0.1754423975944519,-0.06939275562763214,-0.35390570759773254,-0.012121248990297318,0.07998500764369965,-0.3646848797798157,0.33004926108374383
C1COC2=C(C=C(C=C2)SCC(C(F)(F)F)O)OC1,OC(CSc1ccc2c(c1)OCCCO2)C(F)(F)F,2.974024873660131,9,12,-0.029485059902071953,0.10549534857273102,-0.43446236848831177,-0.05482761189341545,-0.3584520798176527,0.03601876646280289,-0.17703846096992493,-0.05827814340591431,0.32038834951456313
COC1=CC=C(C=C1)CSCC(C(=O)O)C(F)(F)F,COc1ccc(CSCC(C(=O)O)C(F)(F)F)cc1,2.7375483945343735,7,10,-0.08697985112667084,-0.14269429445266724,-0.14110307395458221,-0.15081480145454407,-0.3707772195339203,-0.1169583797454834,-0.10001479834318161,-0.1993393898010254,0.2324561403508772
CC1CCC(C2=CC=CC=C12)OS(=O)(=O)C(F)(F)F,CC1CCC(OS(=O)(=O)C(F)(F)F)c2ccccc21,3.4289263369372627,9,12,0.012119553983211517,-0.04400472342967987,-0.34040430188179016,-0.1349479705095291,-0.3722894713282585,-0.058373820036649704,-0.12493990361690521,-0.15875692665576935,0.2134387351778656
C1CCC(C1)OS(=O)(=O)C2=CC=C(C=C2)C(F)(F)F,O=S(=O)(OC1CCCC1)c1ccc(C(F)(F)F)cc1,2.1511421387907887,5,8,0.23426009714603424,-0.12699559330940247,-0.4895896017551422,-0.09260805696249008,-0.38232509791851044,0.032579705119132996,-0.06072475016117096,-0.23967230319976807,0.4207920792079208
C1CCC2=CC=CC=C2C(C1)OS(=O)(=O)C(F)(F)F,O=S(=O)(OC1CCCCc2ccccc21)C(F)(F)F,2.8831632570474266,9,12,-0.049348384141922,-0.1350221037864685,-0.2093123495578766,-0.20942458510398865,-0.3936828374862671,-0.15911807119846344,-0.14154842495918274,-0.1883040815591812,0.21774193548387097
C1CCC(C1)C2=CC(=CC=C2)OS(=O)(=O)C(F)(F)F,O=S(=O)(Oc1cccc(C2CCCC2)c1)C(F)(F)F,2.1973749790274777,7,10,0.23461081087589264,-0.22834047675132751,-0.44872766733169556,-0.16369421780109406,-0.44245733320713043,-0.05976257100701332,-0.0490313395857811,-0.28806090354919434,0.20588235294117646
CCS(=O)(=O)CCCC(=O)C1=CC(=C(C(=C1)F)F)F,CCS(=O)(=O)CCCC(=O)c1cc(F)c(F)c(F)c1,2.3285649435245173,6,10,-0.15102550387382507,-0.15990731120109558,-0.14236341416835785,-0.1384565234184265,-0.4532962292432785,-0.15013544261455536,-0.15802788734436035,-0.12215310335159302,0.20087336244541484
CC/C(=C\C)/C1=CC=C(C=C1)OS(=O)(=O)C(F)(F)F,C/C=C(\CC)c1ccc(OS(=O)(=O)C(F)(F)F)cc1,2.5265372512168245,6,10,-0.047222260385751724,-0.13944193720817566,-0.2669486403465271,-0.1459585726261139,-0.4536128379404545,-0.1057831197977066,-0.16565434634685516,-0.14902040362358093,0.20717131474103587
C1CC(CCC1C(F)(F)F)(C2=C(C=CS2)C(=O)O)O,O=C(O)c1ccsc1C1(O)CCC(C(F)(F)F)CC1,2.9795023371896754,7,10,-0.08529037237167358,-0.17149557173252106,-0.19684270024299622,-0.14279957115650177,-0.45362864434719086,-0.09260521829128265,-0.15667758882045746,-0.19309048354625702,0.16901408450704225
CCOC(=O)CSCC1=CC=C(C=C1)OC(F)(F)F,CCOC(=O)CSCc1ccc(OC(F)(F)F)cc1,2.0173643281399016,6,10,-0.19438274204730988,-0.20979221165180206,-0.053262628614902496,-0.21655118465423584,-0.45743758231401443,-0.21546058356761932,-0.1729472577571869,-0.18641069531440735,0.22026431718061673
CCOC1=C(C=CC(=C1)C=O)OCCSC(F)(F)F,CCOc1cc(C=O)ccc1OCCSC(F)(F)F,2.3975371092049897,8,12,-0.14048826694488525,0.008853361010551453,-0.3367549180984497,-0.08412221074104309,-0.4683898240327835,-0.04243271052837372,-0.20921097695827484,-0.07018212229013443,0.18981481481481483
C[C@@H]1CCC2=C(C1)C=C(C=C2)OS(=O)(=O)C(F)(F)F,C[C@@H]1CCc2ccc(OS(=O)(=O)C(F)(F)F)cc2C1,2.804023507656547,8,12,-0.05301666259765625,-0.1066679134964943,-0.322721391916275,-0.18987831473350525,-0.48240596801042557,-0.10193584114313126,-0.20631957054138184,-0.18789048492908478,0.2175732217573222
CCOC(=O)C1=CC=C(C=C1)OCCSC(F)(F)F,CCOC(=O)c1ccc(OCCSC(F)(F)F)cc1,2.081533263051144,6,10,-0.14512372016906738,-0.015186483040452003,-0.3304421603679657,-0.15063565969467163,-0.4907523635774851,-0.0668688490986824,-0.23645657300949097,-0.1473037302494049,0.19742489270386265
C1CC(C1)S(=O)(=O)CC2=CC=CC=C2OC(F)(F)F,O=S(=O)(Cc1ccccc1OC(F)(F)F)C1CCC1,2.34059735981411,8,11,-0.023107405751943588,-0.08527839183807373,-0.3843469023704529,-0.12993213534355164,-0.4927326999604702,-0.05972488224506378,-0.144256591796875,-0.18691346049308777,0.2813852813852814
C1CCC2=C(C1)C=CC(=C2)OS(=O)(=O)CC(F)(F)F,O=S(=O)(CC(F)(F)F)Oc1ccc2c(c1)CCCC2,2.479136221631027,8,12,-0.1768968105316162,-0.21779319643974304,-0.11910271644592285,-0.16070063412189484,-0.5137927234172821,-0.1810016930103302,-0.1536950320005417,-0.17218831181526184,0.2288135593220339
C1CC1(CCC2=CC=C(C=C2)S(=O)(=O)O)C(F)(F)F,O=S(=O)(O)c1ccc(CCC2(C(F)(F)F)CC2)cc1,2.562105251216824,6,9,0.23740649223327637,-0.2370341271162033,-0.5232976675033569,-0.16874054074287415,-0.5229253023862839,-0.011862339451909065,-0.11307532340288162,-0.33153507113456726,0.3018867924528302
C1CCC2=C(CC1)C=C(C=C2)OS(=O)(=O)C(F)(F)F,O=S(=O)(Oc1ccc2c(c1)CCCCC2)C(F)(F)F,2.225767582577772,8,12,-0.130228653550148,-0.14484156668186188,-0.2481670081615448,-0.22575637698173523,-0.5232372283935547,-0.16303369402885437,-0.23669593036174774,-0.18444028496742249,0.20502092050209206
CCC1CC2=C(C1)C=C(C=C2)OS(=O)(=O)C(F)(F)F,CCC1Cc2ccc(OS(=O)(=O)C(F)(F)F)cc2C1,2.9162207927244186,8,12,-0.09039265662431717,-0.20054751634597778,-0.241420716047287,-0.2390154004096985,-0.5323608890175819,-0.19380591809749603,-0.18679633736610413,-0.2282213717699051,0.2157676348547718
CC1CCC2=C(C1)C=CC(=C2)OS(=O)(=O)C(F)(F)F,CC1CCc2cc(OS(=O)(=O)C(F)(F)F)ccc2C1,2.788947489556998,8,12,-0.0985645279288292,-0.13182379305362701,-0.3140158951282501,-0.19736018776893616,-0.5444042161107063,-0.12731079757213593,-0.20998091995716095,-0.2072868049144745,0.2175732217573222
CS(=O)(=O)CCCC(=O)C1=CC=C(C=C1)C(F)(F)F,CS(=O)(=O)CCCC(=O)c1ccc(C(F)(F)F)cc1,1.9933717127552857,6,10,-0.033950429409742355,-0.183498352766037,-0.33447280526161194,-0.13459938764572144,-0.5519215874373913,-0.06910131871700287,-0.1586424708366394,-0.23578348755836487,0.3188405797101449
CC1CCC2=C(C1)C=C(C=C2)OS(=O)(=O)C(F)(F)F,CC1CCc2ccc(OS(=O)(=O)C(F)(F)F)cc2C1,2.804023507656547,8,12,-0.07875128835439682,-0.13753445446491241,-0.3388855457305908,-0.21478502452373505,-0.5551712885499,-0.1314886212348938,-0.22718380391597748,-0.211490660905838,0.2175732217573222
CCC(=CC)C1=CC=C(C=C1)OS(=O)(=O)C(F)(F)F,CC=C(CC)c1ccc(OS(=O)(=O)C(F)(F)F)cc1,2.5265372512168245,6,10,-0.06842255592346191,-0.24214836955070496,-0.24468952417373657,-0.20606420934200287,-0.5552604496479034,-0.18751201033592224,-0.17106106877326965,-0.2122763991355896,0.20717131474103587
CS(=O)(=O)CCCC(=O)C1=CC=CC=C1C(F)(F)F,CS(=O)(=O)CCCC(=O)c1ccccc1C(F)(F)F,2.1304458666014394,8,12,-0.1574854552745819,-0.13534042239189148,-0.2685087323188782,-0.14935296773910522,-0.5613346099853516,-0.10436467081308365,-0.2094457745552063,-0.18431386351585388,0.3055555555555556
CCS(=O)(=O)CCCC(=O)C1=C(C(=C(C=C1)F)F)F,CCS(=O)(=O)CCCC(=O)c1ccc(F)c(F)c1F,2.3728587896783644,7,12,-0.2638643980026245,-0.1819620132446289,-0.1399995982646942,-0.18055662512779236,-0.5858260095119476,-0.2143377959728241,-0.224401593208313,-0.12304510176181793,0.19246861924686193
CC1CCCC2=C1C=CC(=C2)OS(=O)(=O)C(F)(F)F,CC1CCCc2cc(OS(=O)(=O)C(F)(F)F)ccc21,2.9129275800547347,8,12,-0.07906711846590042,-0.07557101547718048,-0.4492487907409668,-0.19734707474708557,-0.6038869246840477,-0.10855983942747116,-0.23960228264331818,-0.1973264068365097,0.20081967213114754
CS(=O)(=O)CCC(=O)CC1=CC=C(C=C1)C(F)(F)F,CS(=O)(=O)CCC(=O)Cc1ccc(C(F)(F)F)cc1,2.1573212512168247,6,10,-0.0807754248380661,-0.372571736574173,-0.20429687201976776,-0.20824281871318817,-0.6576440334320068,-0.17092536389827728,-0.14292499423027039,-0.3468932509422302,0.3333333333333333
COC1=C(C=C(C=C1)CC(=O)SCC(F)(F)F)OC,COc1ccc(CC(=O)SCC(F)(F)F)cc1OC,2.3433014322123,7,12,-0.06738601624965668,-0.31906700134277344,-0.30624309182167053,-0.19263863563537598,-0.6926961094141006,-0.15697160363197327,-0.16552528738975525,-0.3060171902179718,0.1581196581196581
C1CCC(C1)C2=CC=C(C=C2)OS(=O)(=O)C(F)(F)F,O=S(=O)(Oc1ccc(C2CCCC2)cc1)C(F)(F)F,2.1253989435245177,5,8,-0.10865110158920288,-0.1763024777173996,-0.41953808069229126,-0.27537357807159424,-0.7044916599988937,-0.19558285176753998,-0.27484917640686035,-0.24776478111743927,0.2076271186440678
C1CCC(C1)C2=CC=CC=C2OS(=O)(=O)C(F)(F)F,O=S(=O)(Oc1ccccc1C1CCCC1)C(F)(F)F,2.2030678784357605,7,10,-0.07977907359600067,-0.1749984323978424,-0.48731642961502075,-0.26545271277427673,-0.7420939356088638,-0.1833082139492035,-0.2539106011390686,-0.26984357833862305,0.2
